Round,Date,Team 1,Team 2,FT,HT
1,2009-08-07,VfL Wolfsburg,VfB Stuttgart,2-0,0-0
1,2009-08-08,Borussia Dortmund,1. FC Köln,1-0,0-0
1,2009-08-08,1. FC Nürnberg,FC Schalke 04,1-2,0-1
1,2009-08-08,Werder Bremen,Eintracht Frankfurt,2-3,2-2
1,2009-08-08,Hertha BSC,Hannover 96,1-0,0-0
1,2009-08-08,1. FSV Mainz 05,Bayer Leverkusen,2-2,1-2
1,2009-08-08,1899 Hoffenheim,Bayern München,1-1,1-1
1,2009-08-09,VfL Bochum,Bor. Mönchengladbach,3-3,0-3
1,2009-08-09,SC Freiburg,Hamburger SV,1-1,0-1
2,2009-08-15,Bayern München,Werder Bremen,1-1,0-1
2,2009-08-15,VfB Stuttgart,SC Freiburg,4-2,0-0
2,2009-08-15,Hamburger SV,Borussia Dortmund,4-1,3-1
2,2009-08-15,Bayer Leverkusen,1899 Hoffenheim,1-0,0-0
2,2009-08-15,Hannover 96,1. FSV Mainz 05,1-1,0-0
2,2009-08-15,Eintracht Frankfurt,1. FC Nürnberg,1-1,1-0
2,2009-08-15,1. FC Köln,VfL Wolfsburg,1-3,0-0
2,2009-08-16,Bor. Mönchengladbach,Hertha BSC,2-1,1-0
2,2009-08-16,FC Schalke 04,VfL Bochum,3-0,2-0
3,2009-08-21,1899 Hoffenheim,FC Schalke 04,0-0,0-0
3,2009-08-22,Borussia Dortmund,VfB Stuttgart,1-1,1-0
3,2009-08-22,1. FC Köln,Eintracht Frankfurt,0-0,0-0
3,2009-08-22,SC Freiburg,Bayer Leverkusen,0-5,0-1
3,2009-08-22,1. FSV Mainz 05,Bayern München,2-1,2-0
3,2009-08-22,1. FC Nürnberg,Hannover 96,0-2,0-1
3,2009-08-23,VfL Bochum,Hertha BSC,1-0,0-0
3,2009-08-23,VfL Wolfsburg,Hamburger SV,2-4,0-2
3,2009-08-23,Werder Bremen,Bor. Mönchengladbach,3-0,2-0
4,2009-08-28,Bor. Mönchengladbach,1. FSV Mainz 05,2-0,1-0
4,2009-08-29,VfB Stuttgart,1. FC Nürnberg,0-0,0-0
4,2009-08-29,FC Schalke 04,SC Freiburg,0-1,0-1
4,2009-08-29,Bayer Leverkusen,VfL Bochum,2-1,1-1
4,2009-08-29,Hannover 96,1899 Hoffenheim,0-1,0-1
4,2009-08-29,Eintracht Frankfurt,Borussia Dortmund,1-1,0-0
4,2009-08-29,Bayern München,VfL Wolfsburg,3-0,1-0
4,2009-08-30,Hertha BSC,Werder Bremen,2-3,0-0
4,2009-08-30,Hamburger SV,1. FC Köln,3-1,1-0
5,2009-09-12,VfL Wolfsburg,Bayer Leverkusen,2-3,0-1
5,2009-09-12,Borussia Dortmund,Bayern München,1-5,1-1
5,2009-09-12,1899 Hoffenheim,VfL Bochum,3-0,1-0
5,2009-09-12,SC Freiburg,Eintracht Frankfurt,0-2,0-0
5,2009-09-12,1. FSV Mainz 05,Hertha BSC,2-1,0-0
5,2009-09-12,1. FC Nürnberg,Bor. Mönchengladbach,1-0,1-0
5,2009-09-12,Hamburger SV,VfB Stuttgart,3-1,1-0
5,2009-09-13,Werder Bremen,Hannover 96,0-0,0-0
5,2009-09-13,1. FC Köln,FC Schalke 04,1-2,1-1
6,2009-09-18,FC Schalke 04,VfL Wolfsburg,1-2,0-0
6,2009-09-19,Bayern München,1. FC Nürnberg,2-1,0-0
6,2009-09-19,VfB Stuttgart,1. FC Köln,0-2,0-1
6,2009-09-19,Hannover 96,Borussia Dortmund,1-1,0-1
6,2009-09-19,VfL Bochum,1. FSV Mainz 05,2-3,2-1
6,2009-09-19,Bor. Mönchengladbach,1899 Hoffenheim,2-4,2-1
6,2009-09-20,Eintracht Frankfurt,Hamburger SV,1-1,1-1
6,2009-09-20,Hertha BSC,SC Freiburg,0-4,0-3
6,2009-09-20,Bayer Leverkusen,Werder Bremen,0-0,0-0
7,2009-09-25,1. FC Nürnberg,VfL Bochum,0-1,0-1
7,2009-09-26,VfL Wolfsburg,Hannover 96,4-2,2-1
7,2009-09-26,Borussia Dortmund,FC Schalke 04,0-1,0-1
7,2009-09-26,Werder Bremen,1. FSV Mainz 05,3-0,1-0
7,2009-09-26,1. FC Köln,Bayer Leverkusen,0-1,0-0
7,2009-09-26,Eintracht Frankfurt,VfB Stuttgart,0-3,0-2
7,2009-09-26,Hamburger SV,Bayern München,1-0,0-0
7,2009-09-27,SC Freiburg,Bor. Mönchengladbach,3-0,0-0
7,2009-09-27,1899 Hoffenheim,Hertha BSC,5-1,3-1
8,2009-10-02,FC Schalke 04,Eintracht Frankfurt,2-0,0-0
8,2009-10-03,Bayern München,1. FC Köln,0-0,0-0
8,2009-10-03,Bayer Leverkusen,1. FC Nürnberg,4-0,3-0
8,2009-10-03,Hannover 96,SC Freiburg,5-2,3-1
8,2009-10-03,VfL Bochum,VfL Wolfsburg,1-1,0-0
8,2009-10-03,1. FSV Mainz 05,1899 Hoffenheim,2-1,2-0
8,2009-10-03,Bor. Mönchengladbach,Borussia Dortmund,0-1,0-1
8,2009-10-04,VfB Stuttgart,Werder Bremen,0-2,0-1
8,2009-10-04,Hertha BSC,Hamburger SV,1-3,1-3
9,2009-10-17,VfB Stuttgart,FC Schalke 04,1-2,0-1
9,2009-10-17,Werder Bremen,1899 Hoffenheim,2-0,2-0
9,2009-10-17,1. FC Köln,1. FSV Mainz 05,1-0,1-0
9,2009-10-17,Eintracht Frankfurt,Hannover 96,2-1,1-0
9,2009-10-17,SC Freiburg,Bayern München,1-2,0-1
9,2009-10-17,1. FC Nürnberg,Hertha BSC,3-0,2-0
9,2009-10-17,Hamburger SV,Bayer Leverkusen,0-0,0-0
9,2009-10-18,VfL Wolfsburg,Bor. Mönchengladbach,2-1,1-0
9,2009-10-18,Borussia Dortmund,VfL Bochum,2-0,1-0
10,2009-10-23,Bayer Leverkusen,Borussia Dortmund,1-1,0-1
10,2009-10-24,Bayern München,Eintracht Frankfurt,2-1,0-0
10,2009-10-24,1899 Hoffenheim,1. FC Nürnberg,3-0,2-0
10,2009-10-24,Hannover 96,VfB Stuttgart,1-0,1-0
10,2009-10-24,Bor. Mönchengladbach,1. FC Köln,0-0,0-0
10,2009-10-24,1. FSV Mainz 05,SC Freiburg,3-0,1-0
10,2009-10-25,Hertha BSC,VfL Wolfsburg,0-0,0-0
10,2009-10-25,FC Schalke 04,Hamburger SV,3-3,0-2
10,2009-10-25,VfL Bochum,Werder Bremen,1-4,1-2
11,2009-10-30,Borussia Dortmund,Hertha BSC,2-0,0-0
11,2009-10-31,VfL Wolfsburg,1. FSV Mainz 05,3-3,2-2
11,2009-10-31,VfB Stuttgart,Bayern München,0-0,0-0
11,2009-10-31,Hamburger SV,Bor. Mönchengladbach,2-3,1-1
11,2009-10-31,1. FC Köln,Hannover 96,0-1,0-1
11,2009-10-31,1. FC Nürnberg,Werder Bremen,2-2,2-0
11,2009-10-31,FC Schalke 04,Bayer Leverkusen,2-2,0-2
11,2009-11-01,SC Freiburg,1899 Hoffenheim,0-1,0-1
11,2009-11-01,Eintracht Frankfurt,VfL Bochum,2-1,1-1
12,2009-11-06,Bayer Leverkusen,Eintracht Frankfurt,4-0,3-0
12,2009-11-07,Bayern München,FC Schalke 04,1-1,1-1
12,2009-11-07,1899 Hoffenheim,VfL Wolfsburg,1-2,1-0
12,2009-11-07,VfL Bochum,SC Freiburg,1-2,0-1
12,2009-11-07,Bor. Mönchengladbach,VfB Stuttgart,0-0,0-0
12,2009-11-07,1. FSV Mainz 05,1. FC Nürnberg,1-0,1-0
12,2009-11-08,Hannover 96,Hamburger SV,2-2,1-2
12,2009-11-08,Hertha BSC,1. FC Köln,0-1,0-0
12,2009-11-08,Werder Bremen,Borussia Dortmund,1-1,1-0
13,2009-11-21,VfL Wolfsburg,1. FC Nürnberg,2-3,0-0
13,2009-11-21,VfB Stuttgart,Hertha BSC,1-1,0-0
13,2009-11-21,FC Schalke 04,Hannover 96,2-0,0-0
13,2009-11-21,1. FC Köln,1899 Hoffenheim,0-4,0-2
13,2009-11-21,Eintracht Frankfurt,Bor. Mönchengladbach,1-2,0-0
13,2009-11-21,SC Freiburg,Werder Bremen,0-6,0-1
13,2009-11-21,Borussia Dortmund,1. FSV Mainz 05,0-0,0-0
13,2009-11-22,Bayern München,Bayer Leverkusen,1-1,1-1
13,2009-11-22,Hamburger SV,VfL Bochum,0-1,0-0
14,2009-11-27,VfL Bochum,1. FC Köln,0-0,0-0
14,2009-11-28,Hertha BSC,Eintracht Frankfurt,1-3,0-1
14,2009-11-28,1899 Hoffenheim,Borussia Dortmund,1-2,0-1
14,2009-11-28,Werder Bremen,VfL Wolfsburg,2-2,0-1
14,2009-11-28,1. FSV Mainz 05,Hamburger SV,1-1,0-1
14,2009-11-28,1. FC Nürnberg,SC Freiburg,0-1,0-1
14,2009-11-28,Bor. Mönchengladbach,FC Schalke 04,1-0,1-0
14,2009-11-29,Bayer Leverkusen,VfB Stuttgart,4-0,2-0
14,2009-11-29,Hannover 96,Bayern München,0-3,0-1
15,2009-12-04,Bayern München,Bor. Mönchengladbach,2-1,1-1
15,2009-12-05,VfL Wolfsburg,SC Freiburg,2-2,1-1
15,2009-12-05,VfB Stuttgart,VfL Bochum,1-1,0-0
15,2009-12-05,Hamburger SV,1899 Hoffenheim,0-0,0-0
15,2009-12-05,Borussia Dortmund,1. FC Nürnberg,4-0,3-0
15,2009-12-05,Hannover 96,Bayer Leverkusen,0-0,0-0
15,2009-12-05,Eintracht Frankfurt,1. FSV Mainz 05,2-0,1-0
15,2009-12-06,1. FC Köln,Werder Bremen,0-0,0-0
15,2009-12-06,FC Schalke 04,Hertha BSC,2-0,0-0
16,2009-12-11,Hertha BSC,Bayer Leverkusen,2-2,1-0
16,2009-12-12,1899 Hoffenheim,Eintracht Frankfurt,1-1,1-0
16,2009-12-12,VfL Bochum,Bayern München,1-5,0-3
16,2009-12-12,Bor. Mönchengladbach,Hannover 96,5-3,2-1
16,2009-12-12,SC Freiburg,1. FC Köln,0-0,0-0
16,2009-12-12,1. FC Nürnberg,Hamburger SV,0-4,0-0
16,2009-12-12,Werder Bremen,FC Schalke 04,0-2,0-0
16,2009-12-13,1. FSV Mainz 05,VfB Stuttgart,1-1,0-1
16,2009-12-13,VfL Wolfsburg,Borussia Dortmund,1-3,0-3
17,2009-12-18,FC Schalke 04,1. FSV Mainz 05,1-0,1-0
17,2009-12-19,Bayern München,Hertha BSC,5-2,3-0
17,2009-12-19,Borussia Dortmund,SC Freiburg,1-0,1-0
17,2009-12-19,Bayer Leverkusen,Bor. Mönchengladbach,3-2,1-1
17,2009-12-19,Hannover 96,VfL Bochum,2-3,2-0
17,2009-12-19,Eintracht Frankfurt,VfL Wolfsburg,2-2,1-1
17,2009-12-19,VfB Stuttgart,1899 Hoffenheim,3-1,1-1
17,2009-12-20,Hamburger SV,Werder Bremen,2-1,2-0
17,2009-12-20,1. FC Köln,1. FC Nürnberg,3-0,1-0
18,2010-01-15,Bayern München,1899 Hoffenheim,2-0,1-0
18,2010-01-16,Hamburger SV,SC Freiburg,2-0,1-0
18,2010-01-16,Eintracht Frankfurt,Werder Bremen,1-0,0-0
18,2010-01-16,Hannover 96,Hertha BSC,0-3,0-2
18,2010-01-16,Bayer Leverkusen,1. FSV Mainz 05,4-2,3-1
18,2010-01-16,Bor. Mönchengladbach,VfL Bochum,1-2,0-2
18,2010-01-16,VfB Stuttgart,VfL Wolfsburg,3-1,1-0
18,2010-01-17,FC Schalke 04,1. FC Nürnberg,1-0,0-0
18,2010-01-17,1. FC Köln,Borussia Dortmund,2-3,0-2
19,2010-01-22,SC Freiburg,VfB Stuttgart,0-1,0-1
19,2010-01-23,Werder Bremen,Bayern München,2-3,1-2
19,2010-01-23,VfL Bochum,FC Schalke 04,2-2,0-2
19,2010-01-23,1. FSV Mainz 05,Hannover 96,1-0,1-0
19,2010-01-23,1. FC Nürnberg,Eintracht Frankfurt,1-1,1-1
19,2010-01-23,Hertha BSC,Bor. Mönchengladbach,0-0,0-0
19,2010-01-23,Borussia Dortmund,Hamburger SV,1-0,1-0
19,2010-01-24,VfL Wolfsburg,1. FC Köln,2-3,1-1
19,2010-01-24,1899 Hoffenheim,Bayer Leverkusen,0-3,0-1
20,2010-01-29,Hamburger SV,VfL Wolfsburg,1-1,0-1
20,2010-01-30,Bor. Mönchengladbach,Werder Bremen,4-3,4-2
20,2010-01-30,Eintracht Frankfurt,1. FC Köln,1-2,0-0
20,2010-01-30,Hertha BSC,VfL Bochum,0-0,0-0
20,2010-01-30,Bayern München,1. FSV Mainz 05,3-0,0-0
20,2010-01-30,Hannover 96,1. FC Nürnberg,1-3,0-1
20,2010-01-30,FC Schalke 04,1899 Hoffenheim,2-0,1-0
20,2010-01-31,VfB Stuttgart,Borussia Dortmund,4-1,1-0
20,2010-01-31,Bayer Leverkusen,SC Freiburg,3-1,3-0
21,2010-02-05,Werder Bremen,Hertha BSC,2-1,0-0
21,2010-02-06,VfL Wolfsburg,Bayern München,1-3,0-2
21,2010-02-06,1. FC Köln,Hamburger SV,3-3,1-2
21,2010-02-06,SC Freiburg,FC Schalke 04,0-0,0-0
21,2010-02-06,VfL Bochum,Bayer Leverkusen,1-1,0-1
21,2010-02-06,1899 Hoffenheim,Hannover 96,2-1,2-0
21,2010-02-06,1. FC Nürnberg,VfB Stuttgart,1-2,0-1
21,2010-02-07,1. FSV Mainz 05,Bor. Mönchengladbach,1-0,1-0
21,2010-02-07,Borussia Dortmund,Eintracht Frankfurt,2-3,1-1
22,2010-02-12,Bor. Mönchengladbach,1. FC Nürnberg,2-1,1-0
22,2010-02-13,Bayer Leverkusen,VfL Wolfsburg,2-1,0-0
22,2010-02-13,VfB Stuttgart,Hamburger SV,1-3,0-1
22,2010-02-13,VfL Bochum,1899 Hoffenheim,2-1,1-0
22,2010-02-13,Hannover 96,Werder Bremen,1-5,0-4
22,2010-02-13,Hertha BSC,1. FSV Mainz 05,1-1,0-1
22,2010-02-13,Bayern München,Borussia Dortmund,3-1,1-1
22,2010-02-14,FC Schalke 04,1. FC Köln,2-0,1-0
22,2010-02-14,Eintracht Frankfurt,SC Freiburg,2-1,1-1
23,2010-02-19,1899 Hoffenheim,Bor. Mönchengladbach,2-2,0-1
23,2010-02-20,1. FC Nürnberg,Bayern München,1-1,0-1
23,2010-02-20,1. FC Köln,VfB Stuttgart,1-5,1-3
23,2010-02-20,Borussia Dortmund,Hannover 96,4-1,1-0
23,2010-02-20,Hamburger SV,Eintracht Frankfurt,0-0,0-0
23,2010-02-20,1. FSV Mainz 05,VfL Bochum,0-0,0-0
23,2010-02-21,SC Freiburg,Hertha BSC,0-3,0-2
23,2010-02-21,VfL Wolfsburg,FC Schalke 04,2-1,0-1
23,2010-02-21,Werder Bremen,Bayer Leverkusen,2-2,1-1
24,2010-02-26,FC Schalke 04,Borussia Dortmund,2-1,0-0
24,2010-02-27,Hertha BSC,1899 Hoffenheim,0-2,0-1
24,2010-02-27,1. FSV Mainz 05,Werder Bremen,1-2,1-1
24,2010-02-27,VfB Stuttgart,Eintracht Frankfurt,2-1,2-1
24,2010-02-27,Bor. Mönchengladbach,SC Freiburg,1-1,0-0
24,2010-02-27,VfL Bochum,1. FC Nürnberg,0-0,0-0
24,2010-02-27,Bayer Leverkusen,1. FC Köln,0-0,0-0
24,2010-02-28,Hannover 96,VfL Wolfsburg,0-1,0-0
24,2010-02-28,Bayern München,Hamburger SV,1-0,0-0
25,2010-03-06,1. FC Köln,Bayern München,1-1,1-0
25,2010-03-06,Werder Bremen,VfB Stuttgart,2-2,0-2
25,2010-03-06,Hamburger SV,Hertha BSC,1-0,1-0
25,2010-03-06,Eintracht Frankfurt,FC Schalke 04,1-4,0-2
25,2010-03-06,SC Freiburg,Hannover 96,1-2,0-0
25,2010-03-06,VfL Wolfsburg,VfL Bochum,4-1,0-1
25,2010-03-06,Borussia Dortmund,Bor. Mönchengladbach,3-0,1-0
25,2010-03-07,1. FC Nürnberg,Bayer Leverkusen,3-2,2-0
25,2010-03-07,1899 Hoffenheim,1. FSV Mainz 05,0-1,0-0
26,2010-03-12,FC Schalke 04,VfB Stuttgart,2-1,0-0
26,2010-03-13,Bor. Mönchengladbach,VfL Wolfsburg,0-4,0-1
26,2010-03-13,VfL Bochum,Borussia Dortmund,1-4,0-2
26,2010-03-13,1. FSV Mainz 05,1. FC Köln,1-0,0-0
26,2010-03-13,Hannover 96,Eintracht Frankfurt,2-1,1-1
26,2010-03-13,Hertha BSC,1. FC Nürnberg,1-2,1-0
26,2010-03-13,Bayern München,SC Freiburg,2-1,0-1
26,2010-03-14,1899 Hoffenheim,Werder Bremen,0-1,0-0
26,2010-03-14,Bayer Leverkusen,Hamburger SV,4-2,1-1
27,2010-03-19,1. FC Köln,Bor. Mönchengladbach,1-1,0-0
27,2010-03-20,Eintracht Frankfurt,Bayern München,2-1,0-1
27,2010-03-20,1. FC Nürnberg,1899 Hoffenheim,0-0,0-0
27,2010-03-20,VfB Stuttgart,Hannover 96,2-0,1-0
27,2010-03-20,Werder Bremen,VfL Bochum,3-2,0-1
27,2010-03-20,SC Freiburg,1. FSV Mainz 05,1-0,1-0
27,2010-03-20,Borussia Dortmund,Bayer Leverkusen,3-0,0-0
27,2010-03-21,Hamburger SV,FC Schalke 04,2-2,1-0
27,2010-03-21,VfL Wolfsburg,Hertha BSC,1-5,1-3
28,2010-03-26,VfL Bochum,Eintracht Frankfurt,1-2,1-1
28,2010-03-27,1. FSV Mainz 05,VfL Wolfsburg,0-2,0-0
28,2010-03-27,Bayern München,VfB Stuttgart,1-2,1-1
28,2010-03-27,Hertha BSC,Borussia Dortmund,0-0,0-0
28,2010-03-27,Hannover 96,1. FC Köln,1-4,0-3
28,2010-03-27,Werder Bremen,1. FC Nürnberg,4-2,3-0
28,2010-03-27,Bayer Leverkusen,FC Schalke 04,0-2,0-2
28,2010-03-28,1899 Hoffenheim,SC Freiburg,1-1,0-0
28,2010-03-28,Bor. Mönchengladbach,Hamburger SV,1-0,1-0
29,2010-04-03,FC Schalke 04,Bayern München,1-2,1-2
29,2010-04-03,Eintracht Frankfurt,Bayer Leverkusen,3-2,1-1
29,2010-04-03,Borussia Dortmund,Werder Bremen,2-1,2-0
29,2010-04-03,SC Freiburg,VfL Bochum,1-1,1-1
29,2010-04-03,VfB Stuttgart,Bor. Mönchengladbach,2-1,0-1
29,2010-04-03,1. FC Nürnberg,1. FSV Mainz 05,2-0,2-0
29,2010-04-03,1. FC Köln,Hertha BSC,0-3,0-2
29,2010-04-04,VfL Wolfsburg,1899 Hoffenheim,4-0,1-0
29,2010-04-04,Hamburger SV,Hannover 96,0-0,0-0
30,2010-04-09,Bor. Mönchengladbach,Eintracht Frankfurt,2-0,1-0
30,2010-04-10,Hertha BSC,VfB Stuttgart,0-1,0-0
30,2010-04-10,1. FSV Mainz 05,Borussia Dortmund,1-0,1-0
30,2010-04-10,Hannover 96,FC Schalke 04,4-2,2-0
30,2010-04-10,1899 Hoffenheim,1. FC Köln,0-2,0-0
30,2010-04-10,Werder Bremen,SC Freiburg,4-0,1-0
30,2010-04-10,Bayer Leverkusen,Bayern München,1-1,0-0
30,2010-04-11,VfL Bochum,Hamburger SV,1-2,1-1
30,2010-04-11,1. FC Nürnberg,VfL Wolfsburg,0-2,0-0
31,2010-04-16,1. FC Köln,VfL Bochum,2-0,1-0
31,2010-04-17,VfB Stuttgart,Bayer Leverkusen,2-1,1-1
31,2010-04-17,VfL Wolfsburg,Werder Bremen,2-4,2-1
31,2010-04-17,FC Schalke 04,Bor. Mönchengladbach,3-1,2-1
31,2010-04-17,Hamburger SV,1. FSV Mainz 05,0-1,0-1
31,2010-04-17,SC Freiburg,1. FC Nürnberg,2-1,1-0
31,2010-04-17,Bayern München,Hannover 96,7-0,3-0
31,2010-04-18,Borussia Dortmund,1899 Hoffenheim,1-1,0-0
31,2010-04-18,Eintracht Frankfurt,Hertha BSC,2-2,1-2
32,2010-04-23,VfL Bochum,VfB Stuttgart,0-2,0-2
32,2010-04-24,Bor. Mönchengladbach,Bayern München,1-1,0-0
32,2010-04-24,1. FC Nürnberg,Borussia Dortmund,2-3,1-1
32,2010-04-24,Hertha BSC,FC Schalke 04,0-1,0-0
32,2010-04-24,Bayer Leverkusen,Hannover 96,3-0,1-0
32,2010-04-24,1. FSV Mainz 05,Eintracht Frankfurt,3-3,1-2
32,2010-04-24,Werder Bremen,1. FC Köln,1-0,0-0
32,2010-04-25,1899 Hoffenheim,Hamburger SV,5-1,3-0
32,2010-04-25,SC Freiburg,VfL Wolfsburg,1-0,1-0
33,2010-05-01,Borussia Dortmund,VfL Wolfsburg,1-1,0-0
33,2010-05-01,Bayer Leverkusen,Hertha BSC,1-1,0-1
33,2010-05-01,Eintracht Frankfurt,1899 Hoffenheim,1-2,1-0
33,2010-05-01,FC Schalke 04,Werder Bremen,0-2,0-0
33,2010-05-01,Bayern München,VfL Bochum,3-1,2-0
33,2010-05-01,Hannover 96,Bor. Mönchengladbach,6-1,4-0
33,2010-05-01,1. FC Köln,SC Freiburg,2-2,1-1
33,2010-05-01,VfB Stuttgart,1. FSV Mainz 05,2-2,0-0
33,2010-05-01,Hamburger SV,1. FC Nürnberg,4-0,3-0
34,2010-05-08,Hertha BSC,Bayern München,1-3,0-1
34,2010-05-08,1899 Hoffenheim,VfB Stuttgart,1-1,1-1
34,2010-05-08,Werder Bremen,Hamburger SV,1-1,0-0
34,2010-05-08,SC Freiburg,Borussia Dortmund,3-1,0-0
34,2010-05-08,1. FSV Mainz 05,FC Schalke 04,0-0,0-0
34,2010-05-08,Bor. Mönchengladbach,Bayer Leverkusen,1-1,0-1
34,2010-05-08,VfL Bochum,Hannover 96,0-3,0-3
34,2010-05-08,1. FC Nürnberg,1. FC Köln,1-0,0-0
34,2010-05-08,VfL Wolfsburg,Eintracht Frankfurt,3-1,3-0
