Round,Date,Team 1,Team 2,FT,HT
1,2002-08-09,Borussia Dortmund,Hertha BSC,2-2,2-1
1,2002-08-10,Energie Cottbus,Bayer Leverkusen,1-1,0-0
1,2002-08-10,1. FC Nürnberg,VfL Bochum,1-3,0-2
1,2002-08-10,Bor. Mönchengladbach,Bayern München,0-0,0-0
1,2002-08-10,FC Schalke 04,VfL Wolfsburg,1-0,0-0
1,2002-08-10,VfB Stuttgart,1. FC Kaiserslautern,1-1,1-0
1,2002-08-11,Hamburger SV,Hannover 96,2-1,0-1
1,2002-08-11,Arminia Bielefeld,Werder Bremen,3-0,1-0
1,2002-08-14,TSV 1860 München,Hansa Rostock,0-2,0-1
2,2002-08-17,Hertha BSC,VfB Stuttgart,1-1,0-1
2,2002-08-17,Bayern München,Arminia Bielefeld,6-2,3-0
2,2002-08-17,Hannover 96,TSV 1860 München,1-3,1-2
2,2002-08-17,Hansa Rostock,1. FC Nürnberg,2-0,1-0
2,2002-08-17,VfL Bochum,Energie Cottbus,5-0,3-0
2,2002-08-17,Bayer Leverkusen,Borussia Dortmund,1-1,1-0
2,2002-08-17,1. FC Kaiserslautern,FC Schalke 04,1-3,1-0
2,2002-08-18,VfL Wolfsburg,Bor. Mönchengladbach,1-0,0-0
2,2002-08-18,Werder Bremen,Hamburger SV,2-1,1-1
3,2002-08-24,Energie Cottbus,Hansa Rostock,0-4,0-2
3,2002-08-24,TSV 1860 München,Werder Bremen,3-0,1-0
3,2002-08-24,Hamburger SV,Bayern München,0-3,0-1
3,2002-08-24,Arminia Bielefeld,VfL Wolfsburg,1-0,1-0
3,2002-08-24,Bor. Mönchengladbach,1. FC Kaiserslautern,3-0,2-0
3,2002-08-24,Bayer Leverkusen,VfL Bochum,2-4,1-3
3,2002-08-24,Borussia Dortmund,VfB Stuttgart,3-1,1-0
3,2002-08-25,1. FC Nürnberg,Hannover 96,3-1,2-0
3,2002-08-25,FC Schalke 04,Hertha BSC,0-0,0-0
4,2002-09-10,Hertha BSC,Bor. Mönchengladbach,1-2,0-1
4,2002-09-10,Bayern München,TSV 1860 München,3-1,1-1
4,2002-09-10,Werder Bremen,1. FC Nürnberg,4-1,1-0
4,2002-09-10,VfL Bochum,Borussia Dortmund,0-0,0-0
4,2002-09-11,VfL Wolfsburg,Hamburger SV,2-1,0-0
4,2002-09-11,Hannover 96,Energie Cottbus,1-3,1-1
4,2002-09-11,Hansa Rostock,Bayer Leverkusen,1-3,0-2
4,2002-09-11,VfB Stuttgart,FC Schalke 04,1-1,1-0
4,2002-09-11,1. FC Kaiserslautern,Arminia Bielefeld,1-1,0-0
5,2002-09-14,Energie Cottbus,Werder Bremen,0-1,0-0
5,2002-09-14,1. FC Nürnberg,Bayern München,1-2,1-1
5,2002-09-14,TSV 1860 München,VfL Wolfsburg,2-2,0-0
5,2002-09-14,Arminia Bielefeld,Hertha BSC,0-1,0-0
5,2002-09-14,Bor. Mönchengladbach,VfB Stuttgart,1-1,0-0
5,2002-09-14,Bayer Leverkusen,Hannover 96,1-3,1-1
5,2002-09-14,Borussia Dortmund,FC Schalke 04,1-1,0-0
5,2002-09-15,Hamburger SV,1. FC Kaiserslautern,2-0,0-0
5,2002-09-15,VfL Bochum,Hansa Rostock,0-1,0-1
6,2002-09-21,Hertha BSC,Hamburger SV,2-0,0-0
6,2002-09-21,VfL Wolfsburg,1. FC Nürnberg,0-2,0-0
6,2002-09-21,Bayern München,Energie Cottbus,3-1,1-1
6,2002-09-21,Werder Bremen,Bayer Leverkusen,3-2,3-2
6,2002-09-21,Hannover 96,VfL Bochum,2-2,1-1
6,2002-09-21,Hansa Rostock,Borussia Dortmund,0-1,0-1
6,2002-09-21,1. FC Kaiserslautern,TSV 1860 München,0-0,0-0
6,2002-09-22,FC Schalke 04,Bor. Mönchengladbach,2-1,2-1
6,2002-09-22,VfB Stuttgart,Arminia Bielefeld,3-0,1-0
7,2002-09-28,Energie Cottbus,VfL Wolfsburg,0-1,0-0
7,2002-09-28,TSV 1860 München,Hertha BSC,1-0,1-0
7,2002-09-28,Hamburger SV,VfB Stuttgart,3-2,2-2
7,2002-09-28,Arminia Bielefeld,FC Schalke 04,2-1,1-1
7,2002-09-28,Hansa Rostock,Hannover 96,1-2,1-2
7,2002-09-28,Bayer Leverkusen,Bayern München,2-1,1-0
7,2002-09-28,Borussia Dortmund,Bor. Mönchengladbach,1-0,0-0
7,2002-09-29,1. FC Nürnberg,1. FC Kaiserslautern,1-0,0-0
7,2002-09-29,VfL Bochum,Werder Bremen,1-4,1-2
8,2002-10-05,Hertha BSC,1. FC Nürnberg,2-1,0-1
8,2002-10-05,VfL Wolfsburg,Bayer Leverkusen,2-0,1-0
8,2002-10-05,Bayern München,VfL Bochum,4-1,2-0
8,2002-10-05,Hannover 96,Borussia Dortmund,0-3,0-1
8,2002-10-05,Bor. Mönchengladbach,Arminia Bielefeld,3-0,2-0
8,2002-10-05,FC Schalke 04,Hamburger SV,3-0,3-0
8,2002-10-05,1. FC Kaiserslautern,Energie Cottbus,4-0,1-0
8,2002-10-06,Werder Bremen,Hansa Rostock,0-0,0-0
8,2002-10-06,VfB Stuttgart,TSV 1860 München,4-1,0-1
9,2002-10-19,Energie Cottbus,Hertha BSC,0-2,0-2
9,2002-10-19,TSV 1860 München,FC Schalke 04,3-0,0-0
9,2002-10-19,Hamburger SV,Bor. Mönchengladbach,1-0,0-0
9,2002-10-19,Hannover 96,Werder Bremen,4-4,2-1
9,2002-10-19,Hansa Rostock,Bayern München,0-1,0-0
9,2002-10-19,Bayer Leverkusen,1. FC Kaiserslautern,1-0,1-0
9,2002-10-19,Borussia Dortmund,Arminia Bielefeld,0-0,0-0
9,2002-10-20,1. FC Nürnberg,VfB Stuttgart,1-2,1-0
9,2002-10-20,VfL Bochum,VfL Wolfsburg,4-2,1-2
10,2002-10-26,Hertha BSC,Bayer Leverkusen,1-1,1-0
10,2002-10-26,Bayern München,Hannover 96,3-3,1-2
10,2002-10-26,Werder Bremen,Borussia Dortmund,1-4,1-1
10,2002-10-26,Arminia Bielefeld,Hamburger SV,2-1,1-0
10,2002-10-26,Bor. Mönchengladbach,TSV 1860 München,0-1,0-0
10,2002-10-26,FC Schalke 04,1. FC Nürnberg,1-1,0-1
10,2002-10-26,VfB Stuttgart,Energie Cottbus,0-0,0-0
10,2002-10-27,VfL Wolfsburg,Hansa Rostock,1-0,1-0
10,2002-11-13,1. FC Kaiserslautern,VfL Bochum,0-2,0-2
11,2002-11-02,Energie Cottbus,FC Schalke 04,0-1,0-0
11,2002-11-02,1. FC Nürnberg,Bor. Mönchengladbach,2-1,2-0
11,2002-11-02,TSV 1860 München,Arminia Bielefeld,3-1,3-1
11,2002-11-02,Hannover 96,VfL Wolfsburg,3-1,2-0
11,2002-11-02,Hansa Rostock,1. FC Kaiserslautern,2-2,1-1
11,2002-11-02,Bayer Leverkusen,VfB Stuttgart,0-1,0-1
11,2002-11-02,Borussia Dortmund,Hamburger SV,1-1,0-0
11,2002-11-03,Werder Bremen,Bayern München,2-0,1-0
11,2002-11-03,VfL Bochum,Hertha BSC,3-0,0-0
12,2002-11-09,VfL Wolfsburg,Werder Bremen,3-1,1-0
12,2002-11-09,Bayern München,Borussia Dortmund,2-1,0-1
12,2002-11-09,Hamburger SV,TSV 1860 München,1-0,1-0
12,2002-11-09,Arminia Bielefeld,1. FC Nürnberg,0-1,0-0
12,2002-11-09,FC Schalke 04,Bayer Leverkusen,0-1,0-0
12,2002-11-09,VfB Stuttgart,VfL Bochum,3-2,0-0
12,2002-11-09,1. FC Kaiserslautern,Hannover 96,0-1,0-1
12,2002-11-10,Hertha BSC,Hansa Rostock,3-1,2-1
12,2002-11-10,Bor. Mönchengladbach,Energie Cottbus,3-0,3-0
13,2002-11-16,Energie Cottbus,Arminia Bielefeld,2-1,1-0
13,2002-11-16,1. FC Nürnberg,Hamburger SV,1-3,1-1
13,2002-11-16,Bayern München,VfL Wolfsburg,1-0,1-0
13,2002-11-16,Hannover 96,Hertha BSC,0-1,0-1
13,2002-11-16,Hansa Rostock,VfB Stuttgart,1-1,1-0
13,2002-11-16,Bayer Leverkusen,Bor. Mönchengladbach,2-2,1-1
13,2002-11-16,Borussia Dortmund,TSV 1860 München,1-0,1-0
13,2002-11-17,Werder Bremen,1. FC Kaiserslautern,5-3,1-2
13,2002-11-17,VfL Bochum,FC Schalke 04,0-2,0-0
14,2002-11-23,Hertha BSC,Werder Bremen,0-1,0-1
14,2002-11-23,VfL Wolfsburg,Borussia Dortmund,2-0,1-0
14,2002-11-23,Arminia Bielefeld,Bayer Leverkusen,2-2,1-1
14,2002-11-23,Bor. Mönchengladbach,VfL Bochum,2-2,0-0
14,2002-11-23,FC Schalke 04,Hansa Rostock,2-2,2-0
14,2002-11-23,VfB Stuttgart,Hannover 96,3-0,1-0
14,2002-11-23,1. FC Kaiserslautern,Bayern München,0-2,0-2
14,2002-11-24,TSV 1860 München,1. FC Nürnberg,2-2,1-2
14,2002-11-24,Hamburger SV,Energie Cottbus,1-1,0-0
15,2002-11-30,Energie Cottbus,TSV 1860 München,3-4,0-1
15,2002-11-30,1. FC Nürnberg,Borussia Dortmund,1-2,1-0
15,2002-11-30,Bayern München,Hertha BSC,2-0,1-0
15,2002-11-30,Hansa Rostock,Bor. Mönchengladbach,3-1,1-1
15,2002-11-30,VfL Bochum,Arminia Bielefeld,0-3,0-1
15,2002-11-30,Bayer Leverkusen,Hamburger SV,2-3,2-1
15,2002-11-30,1. FC Kaiserslautern,VfL Wolfsburg,2-0,1-0
15,2002-12-01,Werder Bremen,VfB Stuttgart,3-1,1-0
15,2002-12-01,Hannover 96,FC Schalke 04,0-2,0-2
16,2002-12-07,Hertha BSC,VfL Wolfsburg,2-2,1-0
16,2002-12-07,1. FC Nürnberg,Energie Cottbus,2-2,1-1
16,2002-12-07,TSV 1860 München,Bayer Leverkusen,0-3,0-1
16,2002-12-07,Arminia Bielefeld,Hansa Rostock,3-0,1-0
16,2002-12-07,FC Schalke 04,Werder Bremen,1-1,1-1
16,2002-12-07,VfB Stuttgart,Bayern München,0-3,0-2
16,2002-12-07,Borussia Dortmund,1. FC Kaiserslautern,3-1,1-1
16,2002-12-08,Hamburger SV,VfL Bochum,1-1,0-0
16,2002-12-08,Bor. Mönchengladbach,Hannover 96,1-0,1-0
17,2002-12-14,Energie Cottbus,Borussia Dortmund,0-4,0-1
17,2002-12-14,Bayern München,FC Schalke 04,0-0,0-0
17,2002-12-14,Werder Bremen,Bor. Mönchengladbach,2-0,1-0
17,2002-12-14,Hannover 96,Arminia Bielefeld,0-0,0-0
17,2002-12-14,Hansa Rostock,Hamburger SV,0-0,0-0
17,2002-12-14,VfL Bochum,TSV 1860 München,1-1,0-1
17,2002-12-14,Bayer Leverkusen,1. FC Nürnberg,0-2,0-0
17,2002-12-15,VfL Wolfsburg,VfB Stuttgart,1-2,0-1
17,2002-12-15,1. FC Kaiserslautern,Hertha BSC,2-1,1-0
18,2003-01-25,VfL Bochum,1. FC Nürnberg,2-1,2-1
18,2003-01-25,Hansa Rostock,TSV 1860 München,1-4,0-3
18,2003-01-25,Hannover 96,Hamburger SV,2-2,1-0
18,2003-01-25,Werder Bremen,Arminia Bielefeld,2-2,2-2
18,2003-01-25,VfL Wolfsburg,FC Schalke 04,1-2,0-0
18,2003-01-25,1. FC Kaiserslautern,VfB Stuttgart,1-2,1-1
18,2003-01-25,Hertha BSC,Borussia Dortmund,2-1,0-0
18,2003-01-26,Bayer Leverkusen,Energie Cottbus,0-3,0-2
18,2003-01-26,Bayern München,Bor. Mönchengladbach,3-0,1-0
19,2003-02-01,VfB Stuttgart,Hertha BSC,3-1,1-0
19,2003-02-01,Arminia Bielefeld,Bayern München,0-0,0-0
19,2003-02-01,TSV 1860 München,Hannover 96,0-1,0-1
19,2003-02-01,1. FC Nürnberg,Hansa Rostock,0-1,0-1
19,2003-02-01,Energie Cottbus,VfL Bochum,2-1,1-0
19,2003-02-01,FC Schalke 04,1. FC Kaiserslautern,2-2,1-1
19,2003-02-02,Hamburger SV,Werder Bremen,1-0,0-0
19,2003-02-02,Borussia Dortmund,Bayer Leverkusen,2-0,2-0
19,2003-02-19,Bor. Mönchengladbach,VfL Wolfsburg,2-0,1-0
20,2003-02-08,Hansa Rostock,Energie Cottbus,0-0,0-0
20,2003-02-08,Hannover 96,1. FC Nürnberg,4-2,3-1
20,2003-02-08,Werder Bremen,TSV 1860 München,1-2,1-0
20,2003-02-08,VfL Wolfsburg,Arminia Bielefeld,2-0,1-0
20,2003-02-08,1. FC Kaiserslautern,Bor. Mönchengladbach,2-0,1-0
20,2003-02-08,Hertha BSC,FC Schalke 04,4-2,2-1
20,2003-02-08,VfL Bochum,Bayer Leverkusen,2-1,0-0
20,2003-02-09,Bayern München,Hamburger SV,1-1,1-0
20,2003-02-09,VfB Stuttgart,Borussia Dortmund,1-0,0-0
21,2003-02-15,Hamburger SV,VfL Wolfsburg,2-0,1-0
21,2003-02-15,TSV 1860 München,Bayern München,0-5,0-0
21,2003-02-15,1. FC Nürnberg,Werder Bremen,1-0,1-0
21,2003-02-15,Bayer Leverkusen,Hansa Rostock,1-2,1-2
21,2003-02-15,Borussia Dortmund,VfL Bochum,4-1,3-1
21,2003-02-15,FC Schalke 04,VfB Stuttgart,2-0,2-0
21,2003-02-15,Arminia Bielefeld,1. FC Kaiserslautern,1-1,1-1
21,2003-02-16,Bor. Mönchengladbach,Hertha BSC,0-2,0-2
21,2003-02-16,Energie Cottbus,Hannover 96,3-0,0-0
22,2003-02-22,Werder Bremen,Energie Cottbus,0-1,0-1
22,2003-02-22,Bayern München,1. FC Nürnberg,2-0,1-0
22,2003-02-22,VfL Wolfsburg,TSV 1860 München,1-1,0-0
22,2003-02-22,1. FC Kaiserslautern,Hamburger SV,2-0,0-0
22,2003-02-22,Hansa Rostock,VfL Bochum,1-1,1-0
22,2003-02-22,Hannover 96,Bayer Leverkusen,1-2,1-0
22,2003-02-22,FC Schalke 04,Borussia Dortmund,2-2,2-0
22,2003-02-23,Hertha BSC,Arminia Bielefeld,0-0,0-0
22,2003-02-23,VfB Stuttgart,Bor. Mönchengladbach,4-0,2-0
23,2003-03-01,1. FC Nürnberg,VfL Wolfsburg,1-1,1-0
23,2003-03-01,Energie Cottbus,Bayern München,0-2,0-1
23,2003-03-01,Bayer Leverkusen,Werder Bremen,3-0,1-0
23,2003-03-01,VfL Bochum,Hannover 96,1-2,0-2
23,2003-03-01,Borussia Dortmund,Hansa Rostock,2-0,1-0
23,2003-03-01,Bor. Mönchengladbach,FC Schalke 04,2-2,0-1
23,2003-03-01,TSV 1860 München,1. FC Kaiserslautern,0-0,0-0
23,2003-03-02,Hamburger SV,Hertha BSC,1-0,0-0
23,2003-03-02,Arminia Bielefeld,VfB Stuttgart,0-1,0-1
24,2003-03-08,VfL Wolfsburg,Energie Cottbus,3-2,2-2
24,2003-03-08,Hertha BSC,TSV 1860 München,6-0,3-0
24,2003-03-08,VfB Stuttgart,Hamburger SV,1-1,1-1
24,2003-03-08,FC Schalke 04,Arminia Bielefeld,1-1,0-0
24,2003-03-08,Werder Bremen,VfL Bochum,2-0,0-0
24,2003-03-08,Bayern München,Bayer Leverkusen,3-0,2-0
24,2003-03-08,Bor. Mönchengladbach,Borussia Dortmund,1-0,0-0
24,2003-03-09,1. FC Kaiserslautern,1. FC Nürnberg,5-0,2-0
24,2003-03-09,Hannover 96,Hansa Rostock,3-1,2-1
25,2003-03-15,Bayer Leverkusen,VfL Wolfsburg,1-1,0-0
25,2003-03-15,VfL Bochum,Bayern München,1-4,0-2
25,2003-03-15,Hansa Rostock,Werder Bremen,1-0,0-0
25,2003-03-15,Borussia Dortmund,Hannover 96,2-0,1-0
25,2003-03-15,Arminia Bielefeld,Bor. Mönchengladbach,4-1,1-0
25,2003-03-15,Hamburger SV,FC Schalke 04,3-1,1-0
25,2003-03-15,Energie Cottbus,1. FC Kaiserslautern,1-3,1-1
25,2003-03-16,1. FC Nürnberg,Hertha BSC,0-3,0-2
25,2003-03-16,TSV 1860 München,VfB Stuttgart,0-1,0-1
26,2003-03-22,FC Schalke 04,TSV 1860 München,1-1,1-1
26,2003-03-22,Bor. Mönchengladbach,Hamburger SV,2-0,0-0
26,2003-03-22,Werder Bremen,Hannover 96,1-2,1-1
26,2003-03-22,Bayern München,Hansa Rostock,1-0,0-0
26,2003-03-22,VfL Wolfsburg,VfL Bochum,2-0,2-0
26,2003-03-22,1. FC Kaiserslautern,Bayer Leverkusen,1-0,1-0
26,2003-03-22,Arminia Bielefeld,Borussia Dortmund,0-0,0-0
26,2003-03-23,Hertha BSC,Energie Cottbus,3-1,0-1
26,2003-03-23,VfB Stuttgart,1. FC Nürnberg,0-2,0-1
27,2003-04-05,Bayer Leverkusen,Hertha BSC,4-1,3-0
27,2003-04-05,Hannover 96,Bayern München,2-2,2-0
27,2003-04-05,Borussia Dortmund,Werder Bremen,1-2,1-0
27,2003-04-05,Hamburger SV,Arminia Bielefeld,1-0,1-0
27,2003-04-05,1. FC Nürnberg,FC Schalke 04,0-0,0-0
27,2003-04-05,Energie Cottbus,VfB Stuttgart,2-3,1-1
27,2003-04-05,VfL Bochum,1. FC Kaiserslautern,1-1,0-0
27,2003-04-06,Hansa Rostock,VfL Wolfsburg,1-0,1-0
27,2003-04-06,TSV 1860 München,Bor. Mönchengladbach,2-0,0-0
28,2003-04-12,Bor. Mönchengladbach,1. FC Nürnberg,2-0,1-0
28,2003-04-12,Arminia Bielefeld,TSV 1860 München,2-1,2-1
28,2003-04-12,Bayern München,Werder Bremen,0-1,0-1
28,2003-04-12,1. FC Kaiserslautern,Hansa Rostock,1-0,0-0
28,2003-04-12,Hertha BSC,VfL Bochum,1-0,0-0
28,2003-04-12,VfB Stuttgart,Bayer Leverkusen,3-0,2-0
28,2003-04-12,Hamburger SV,Borussia Dortmund,1-1,0-0
28,2003-04-13,FC Schalke 04,Energie Cottbus,3-0,1-0
28,2003-04-13,VfL Wolfsburg,Hannover 96,1-0,0-0
29,2003-04-19,Hansa Rostock,Hertha BSC,0-1,0-0
29,2003-04-19,Werder Bremen,VfL Wolfsburg,0-1,0-0
29,2003-04-19,Borussia Dortmund,Bayern München,1-0,0-0
29,2003-04-19,TSV 1860 München,Hamburger SV,1-1,1-0
29,2003-04-19,1. FC Nürnberg,Arminia Bielefeld,0-0,0-0
29,2003-04-19,Energie Cottbus,Bor. Mönchengladbach,1-1,1-0
29,2003-04-19,Hannover 96,1. FC Kaiserslautern,2-1,0-1
29,2003-04-20,Bayer Leverkusen,FC Schalke 04,1-3,1-1
29,2003-04-20,VfL Bochum,VfB Stuttgart,3-1,1-1
30,2003-04-26,Hamburger SV,1. FC Nürnberg,4-0,2-0
30,2003-04-26,VfL Wolfsburg,Bayern München,0-2,0-0
30,2003-04-26,Hertha BSC,Hannover 96,2-0,2-0
30,2003-04-26,VfB Stuttgart,Hansa Rostock,1-1,1-0
30,2003-04-26,FC Schalke 04,VfL Bochum,1-2,1-1
30,2003-04-26,Bor. Mönchengladbach,Bayer Leverkusen,2-2,1-1
30,2003-04-26,TSV 1860 München,Borussia Dortmund,0-0,0-0
30,2003-04-27,Arminia Bielefeld,Energie Cottbus,2-2,0-2
30,2003-04-27,1. FC Kaiserslautern,Werder Bremen,1-0,0-0
31,2003-05-03,Werder Bremen,Hertha BSC,4-2,3-1
31,2003-05-03,Borussia Dortmund,VfL Wolfsburg,2-2,1-0
31,2003-05-03,1. FC Nürnberg,TSV 1860 München,1-2,1-0
31,2003-05-03,Energie Cottbus,Hamburger SV,0-0,0-0
31,2003-05-03,VfL Bochum,Bor. Mönchengladbach,1-1,1-1
31,2003-05-03,Hannover 96,VfB Stuttgart,1-2,0-2
31,2003-05-03,Bayern München,1. FC Kaiserslautern,1-0,0-0
31,2003-05-04,Bayer Leverkusen,Arminia Bielefeld,3-1,1-1
31,2003-05-04,Hansa Rostock,FC Schalke 04,3-1,0-1
32,2003-05-10,TSV 1860 München,Energie Cottbus,3-0,2-0
32,2003-05-10,Borussia Dortmund,1. FC Nürnberg,4-1,1-0
32,2003-05-10,Hertha BSC,Bayern München,3-6,1-5
32,2003-05-10,VfB Stuttgart,Werder Bremen,0-1,0-0
32,2003-05-10,Bor. Mönchengladbach,Hansa Rostock,3-0,1-0
32,2003-05-10,Hamburger SV,Bayer Leverkusen,4-1,1-0
32,2003-05-10,VfL Wolfsburg,1. FC Kaiserslautern,2-2,1-1
32,2003-05-11,FC Schalke 04,Hannover 96,0-2,0-0
32,2003-05-11,Arminia Bielefeld,VfL Bochum,1-3,1-1
33,2003-05-17,VfL Wolfsburg,Hertha BSC,2-0,1-0
33,2003-05-17,Energie Cottbus,1. FC Nürnberg,2-1,1-1
33,2003-05-17,Bayer Leverkusen,TSV 1860 München,3-0,2-0
33,2003-05-17,VfL Bochum,Hamburger SV,1-1,1-0
33,2003-05-17,Hansa Rostock,Arminia Bielefeld,3-0,1-0
33,2003-05-17,Hannover 96,Bor. Mönchengladbach,2-2,1-0
33,2003-05-17,Werder Bremen,FC Schalke 04,2-1,1-1
33,2003-05-17,Bayern München,VfB Stuttgart,2-1,0-0
33,2003-05-17,1. FC Kaiserslautern,Borussia Dortmund,0-0,0-0
34,2003-05-24,Borussia Dortmund,Energie Cottbus,1-1,1-0
34,2003-05-24,VfB Stuttgart,VfL Wolfsburg,2-0,2-0
34,2003-05-24,FC Schalke 04,Bayern München,1-0,1-0
34,2003-05-24,Bor. Mönchengladbach,Werder Bremen,4-1,0-0
34,2003-05-24,Arminia Bielefeld,Hannover 96,0-1,0-0
34,2003-05-24,Hamburger SV,Hansa Rostock,2-0,1-0
34,2003-05-24,TSV 1860 München,VfL Bochum,2-4,1-1
34,2003-05-24,1. FC Nürnberg,Bayer Leverkusen,0-1,0-1
34,2003-05-24,Hertha BSC,1. FC Kaiserslautern,2-0,1-0
