Date,Team 1,Team 2,FT,HT
2010-08-20,Aachen,Union Berlin,2-2,1-1
2010-08-20,Frankfurt FSV,Bielefeld,2-1,2-0
2010-08-20,Hertha,Oberhausen,3-2,1-1
2010-08-21,Ingolstadt,Augsburg,1-4,1-2
2010-08-21,Paderborn,Erzgebirge Aue,0-1,0-0
2010-08-22,Cottbus,Fortuna Düsseldorf,2-0,0-0
2010-08-22,Greuther Fürth,Karlsruhe,4-1,2-0
2010-08-22,Osnabruck,Duisburg,1-3,1-1
2010-08-23,Bochum,München 1860,3-2,2-1
2010-08-27,Augsburg,Paderborn,1-0,0-0
2010-08-27,Erzgebirge Aue,Bochum,1-0,1-0
2010-08-27,Oberhausen,Frankfurt FSV,1-0,0-0
2010-08-28,Duisburg,Ingolstadt,4-1,3-1
2010-08-28,Union Berlin,Greuther Fürth,1-2,0-0
2010-08-29,Bielefeld,Cottbus,1-2,0-2
2010-08-29,Karlsruhe,Aachen,3-0,3-0
2010-08-29,München 1860,Osnabruck,3-1,2-1
2010-08-30,Fortuna Düsseldorf,Hertha,1-2,0-2
2010-09-10,Ingolstadt,Oberhausen,1-2,0-0
2010-09-10,Osnabruck,Erzgebirge Aue,3-2,0-0
2010-09-10,Paderborn,Union Berlin,2-0,0-0
2010-09-11,Duisburg,München 1860,2-1,0-1
2010-09-11,Frankfurt FSV,Fortuna Düsseldorf,1-0,1-0
2010-09-12,Bochum,Augsburg,0-2,0-2
2010-09-12,Greuther Fürth,Aachen,1-1,1-0
2010-09-12,Hertha,Bielefeld,3-1,2-0
2010-09-13,Cottbus,Karlsruhe,5-5,2-4
2010-09-17,Aachen,Cottbus,2-3,1-1
2010-09-17,Greuther Fürth,Frankfurt FSV,1-0,1-0
2010-09-17,Union Berlin,Hertha,1-1,0-1
2010-09-18,Karlsruhe,Paderborn,2-1,1-1
2010-09-18,Oberhausen,Bochum,3-1,1-1
2010-09-19,Augsburg,Osnabruck,2-2,1-0
2010-09-19,Bielefeld,Ingolstadt,1-0,0-0
2010-09-19,Erzgebirge Aue,Duisburg,1-0,0-0
2010-09-19,Fortuna Düsseldorf,München 1860,1-2,1-0
2010-09-21,Cottbus,Greuther Fürth,2-0,1-0
2010-09-21,Frankfurt FSV,Aachen,1-3,0-0
2010-09-21,Hertha,Karlsruhe,4-0,2-0
2010-09-21,Paderborn,Oberhausen,0-0,0-0
2010-09-22,Bochum,Bielefeld,3-1,2-1
2010-09-22,Duisburg,Augsburg,1-0,0-0
2010-09-22,Ingolstadt,Fortuna Düsseldorf,3-0,1-0
2010-09-22,München 1860,Erzgebirge Aue,0-0,0-0
2010-09-22,Osnabruck,Union Berlin,4-1,2-1
2010-09-24,Aachen,Paderborn,2-0,0-0
2010-09-24,Cottbus,Hertha,0-1,0-0
2010-09-24,Karlsruhe,Frankfurt FSV,0-2,0-0
2010-09-25,Bielefeld,Erzgebirge Aue,0-1,0-0
2010-09-25,Greuther Fürth,Ingolstadt,1-0,0-0
2010-09-26,Augsburg,München 1860,1-2,0-1
2010-09-26,Oberhausen,Osnabruck,1-0,0-0
2010-09-26,Union Berlin,Duisburg,2-0,0-0
2010-09-27,Fortuna Düsseldorf,Bochum,0-1,0-1
2010-10-01,Duisburg,Oberhausen,3-0,1-0
2010-10-01,Ingolstadt,Karlsruhe,1-1,0-0
2010-10-01,Paderborn,Bielefeld,3-1,1-0
2010-10-02,Bochum,Greuther Fürth,0-2,0-0
2010-10-02,Osnabruck,Fortuna Düsseldorf,2-3,1-3
2010-10-03,Erzgebirge Aue,Augsburg,3-2,2-1
2010-10-03,Frankfurt FSV,Cottbus,3-2,0-1
2010-10-03,München 1860,Union Berlin,1-0,0-0
2010-10-04,Hertha,Aachen,0-0,0-0
2010-10-15,Fortuna Düsseldorf,Augsburg,1-0,1-0
2010-10-15,Greuther Fürth,Osnabruck,3-0,2-0
2010-10-15,Union Berlin,Erzgebirge Aue,1-1,1-1
2010-10-16,Frankfurt FSV,Hertha,0-1,0-0
2010-10-16,Karlsruhe,Bochum,0-2,0-2
2010-10-17,Aachen,Ingolstadt,2-1,1-0
2010-10-17,Cottbus,Paderborn,3-1,1-0
2010-10-17,Oberhausen,München 1860,0-0,0-0
2010-10-18,Bielefeld,Duisburg,1-3,0-3
2010-10-22,Augsburg,Union Berlin,2-1,0-1
2010-10-22,Hertha,Greuther Fürth,2-0,0-0
2010-10-22,Osnabruck,Cottbus,2-0,1-0
2010-10-23,Ingolstadt,Frankfurt FSV,0-1,0-0
2010-10-23,München 1860,Bielefeld,0-0,0-0
2010-10-24,Bochum,Aachen,1-1,1-0
2010-10-24,Duisburg,Karlsruhe,3-0,1-0
2010-10-24,Paderborn,Fortuna Düsseldorf,3-0,0-0
2010-10-25,Erzgebirge Aue,Oberhausen,2-0,0-0
2010-10-29,Bielefeld,Union Berlin,1-2,0-0
2010-10-29,Frankfurt FSV,Paderborn,2-0,0-0
2010-10-29,Greuther Fürth,Erzgebirge Aue,1-2,1-1
2010-10-30,Hertha,Ingolstadt,3-1,1-1
2010-10-30,Karlsruhe,München 1860,2-4,0-1
2010-10-31,Aachen,Osnabruck,2-1,1-0
2010-10-31,Cottbus,Bochum,2-1,0-1
2010-10-31,Oberhausen,Augsburg,0-3,0-2
2010-11-01,Fortuna Düsseldorf,Duisburg,1-0,0-0
2010-11-05,Bochum,Frankfurt FSV,1-0,1-0
2010-11-05,Erzgebirge Aue,Fortuna Düsseldorf,1-0,0-0
2010-11-05,Ingolstadt,Cottbus,1-2,1-0
2010-11-06,Augsburg,Bielefeld,3-0,1-0
2010-11-06,Duisburg,Greuther Fürth,2-0,1-0
2010-11-07,München 1860,Aachen,2-1,1-1
2010-11-07,Paderborn,Hertha,1-0,0-0
2010-11-07,Union Berlin,Oberhausen,2-1,1-1
2010-11-08,Osnabruck,Karlsruhe,0-0,0-0
2010-11-12,Fortuna Düsseldorf,Oberhausen,3-0,0-0
2010-11-12,Greuther Fürth,Augsburg,1-1,1-1
2010-11-12,Karlsruhe,Erzgebirge Aue,1-1,0-1
2010-11-13,Bielefeld,Osnabruck,2-1,1-1
2010-11-13,Frankfurt FSV,Union Berlin,2-1,1-1
2010-11-14,Aachen,Duisburg,2-2,0-0
2010-11-14,Cottbus,München 1860,0-0,0-0
2010-11-14,Ingolstadt,Paderborn,1-2,0-1
2010-11-15,Hertha,Bochum,2-0,1-0
2010-11-19,Oberhausen,Bielefeld,3-0,2-0
2010-11-19,Osnabruck,Hertha,2-0,1-0
2010-11-19,Union Berlin,Fortuna Düsseldorf,1-0,0-0
2010-11-20,Bochum,Ingolstadt,1-4,1-2
2010-11-20,Paderborn,Greuther Fürth,0-4,0-1
2010-11-21,Augsburg,Karlsruhe,3-1,1-0
2010-11-21,Erzgebirge Aue,Aachen,2-1,1-0
2010-11-21,München 1860,Frankfurt FSV,3-3,1-1
2010-11-22,Duisburg,Cottbus,2-2,1-1
2010-11-26,Bielefeld,Fortuna Düsseldorf,0-2,0-2
2010-11-26,Bochum,Paderborn,3-0,0-0
2010-11-26,Frankfurt FSV,Osnabruck,4-1,4-0
2010-11-27,Aachen,Augsburg,1-3,0-1
2010-11-27,Hertha,Duisburg,0-2,0-0
2010-11-28,Cottbus,Erzgebirge Aue,6-0,2-0
2010-11-28,Ingolstadt,Union Berlin,1-0,0-0
2010-11-28,Karlsruhe,Oberhausen,4-0,1-0
2010-11-29,Greuther Fürth,München 1860,1-0,1-0
2010-12-03,Duisburg,Frankfurt FSV,1-3,1-2
2010-12-03,Oberhausen,Aachen,1-2,0-1
2010-12-03,Osnabruck,Paderborn,2-2,0-0
2010-12-04,Augsburg,Cottbus,4-0,2-0
2010-12-04,Bielefeld,Greuther Fürth,1-4,0-1
2010-12-05,Erzgebirge Aue,Ingolstadt,1-1,0-0
2010-12-05,Fortuna Düsseldorf,Karlsruhe,1-0,1-0
2010-12-05,München 1860,Hertha,1-0,1-0
2010-12-06,Union Berlin,Bochum,0-1,0-1
2010-12-10,Aachen,Fortuna Düsseldorf,0-0,0-0
2010-12-10,Greuther Fürth,Oberhausen,0-0,0-0
2010-12-10,Karlsruhe,Bielefeld,1-0,1-0
2010-12-11,Frankfurt FSV,Augsburg,1-2,0-0
2010-12-11,Paderborn,Duisburg,0-0,0-0
2010-12-12,Bochum,Osnabruck,2-1,0-1
2010-12-12,Hertha,Erzgebirge Aue,2-0,1-0
2010-12-12,Ingolstadt,München 1860,1-1,0-0
2010-12-13,Cottbus,Union Berlin,0-0,0-0
2010-12-17,Bielefeld,Aachen,1-3,0-1
2010-12-17,Duisburg,Bochum,0-1,0-0
2010-12-18,Augsburg,Hertha,1-1,0-1
2010-12-18,Fortuna Düsseldorf,Greuther Fürth,1-0,0-0
2010-12-19,München 1860,Paderborn,0-1,0-1
2010-12-19,Oberhausen,Cottbus,0-4,0-2
2010-12-19,Osnabruck,Ingolstadt,2-1,0-1
2010-12-20,Union Berlin,Karlsruhe,3-1,0-1
2011-01-14,Karlsruhe,Greuther Fürth,1-1,0-0
2011-01-14,Union Berlin,Aachen,2-1,1-0
2011-01-15,Fortuna Düsseldorf,Cottbus,3-1,1-0
2011-01-15,München 1860,Bochum,1-3,0-1
2011-01-16,Augsburg,Ingolstadt,2-0,1-0
2011-01-16,Bielefeld,Frankfurt FSV,1-1,0-0
2011-01-16,Duisburg,Osnabruck,4-1,1-1
2011-01-17,Oberhausen,Hertha,1-3,1-1
2011-01-18,Erzgebirge Aue,Paderborn,1-0,0-0
2011-01-21,Ingolstadt,Duisburg,1-1,0-0
2011-01-21,Osnabruck,München 1860,0-1,0-0
2011-01-21,Paderborn,Augsburg,1-1,1-1
2011-01-22,Aachen,Karlsruhe,4-2,3-1
2011-01-22,Cottbus,Bielefeld,2-1,1-0
2011-01-23,Frankfurt FSV,Oberhausen,4-0,1-0
2011-01-23,Greuther Fürth,Union Berlin,1-0,0-0
2011-01-23,Hertha,Fortuna Düsseldorf,4-2,1-1
2011-01-24,Bochum,Erzgebirge Aue,2-0,0-0
2011-01-28,Erzgebirge Aue,Osnabruck,0-1,0-0
2011-01-28,Fortuna Düsseldorf,Frankfurt FSV,6-0,2-0
2011-01-28,Oberhausen,Ingolstadt,1-1,0-1
2011-01-29,Aachen,Greuther Fürth,2-2,1-2
2011-01-29,München 1860,Duisburg,1-1,1-0
2011-01-30,Bielefeld,Hertha,1-3,0-2
2011-01-30,Karlsruhe,Cottbus,1-0,1-0
2011-01-30,Union Berlin,Paderborn,0-2,0-1
2011-01-31,Augsburg,Bochum,0-1,0-0
2011-02-01,Erzgebirge Aue,Frankfurt FSV,3-1,1-0
2011-02-04,Cottbus,Aachen,3-3,2-3
2011-02-04,Frankfurt FSV,Greuther Fürth,0-0,0-0
2011-02-04,Osnabruck,Augsburg,0-2,0-1
2011-02-05,Hertha,Union Berlin,1-2,1-1
2011-02-05,Paderborn,Karlsruhe,3-0,0-0
2011-02-06,Bochum,Oberhausen,2-1,1-1
2011-02-06,Duisburg,Erzgebirge Aue,3-1,1-0
2011-02-06,Ingolstadt,Bielefeld,1-0,1-0
2011-02-07,München 1860,Fortuna Düsseldorf,1-1,1-0
2011-02-11,Augsburg,Duisburg,0-0,0-0
2011-02-11,Oberhausen,Paderborn,2-0,1-0
2011-02-11,Union Berlin,Osnabruck,3-3,0-1
2011-02-12,Aachen,Frankfurt FSV,2-1,1-0
2011-02-12,Greuther Fürth,Cottbus,3-1,1-0
2011-02-13,Bielefeld,Bochum,2-2,1-1
2011-02-13,Fortuna Düsseldorf,Ingolstadt,3-1,1-0
2011-02-13,Karlsruhe,Hertha,2-6,1-0
2011-02-14,Erzgebirge Aue,München 1860,1-0,0-0
2011-02-18,Bochum,Fortuna Düsseldorf,2-0,1-0
2011-02-18,Ingolstadt,Greuther Fürth,0-2,0-1
2011-02-18,München 1860,Augsburg,0-2,0-1
2011-02-19,Duisburg,Union Berlin,0-1,0-1
2011-02-19,Paderborn,Aachen,1-3,1-2
2011-02-20,Erzgebirge Aue,Bielefeld,3-0,2-0
2011-02-20,Frankfurt FSV,Karlsruhe,1-2,1-1
2011-02-20,Osnabruck,Oberhausen,3-1,2-1
2011-02-21,Hertha,Cottbus,2-2,2-2
2011-02-25,Cottbus,Frankfurt FSV,2-1,0-0
2011-02-25,Oberhausen,Duisburg,0-0,0-0
2011-02-25,Union Berlin,München 1860,0-1,0-0
2011-02-26,Aachen,Hertha,0-5,0-3
2011-02-26,Bielefeld,Paderborn,1-1,1-0
2011-02-27,Fortuna Düsseldorf,Osnabruck,2-1,1-0
2011-02-27,Greuther Fürth,Bochum,1-1,0-1
2011-02-27,Karlsruhe,Ingolstadt,1-4,0-2
2011-02-28,Augsburg,Erzgebirge Aue,2-1,0-0
2011-03-04,Hertha,Frankfurt FSV,3-1,2-1
2011-03-04,München 1860,Oberhausen,1-1,0-0
2011-03-04,Osnabruck,Greuther Fürth,0-2,0-1
2011-03-05,Bochum,Karlsruhe,1-1,0-0
2011-03-05,Paderborn,Cottbus,0-5,0-4
2011-03-06,Duisburg,Bielefeld,1-2,0-1
2011-03-06,Erzgebirge Aue,Union Berlin,0-0,0-0
2011-03-06,Ingolstadt,Aachen,2-1,2-1
2011-03-07,Augsburg,Fortuna Düsseldorf,5-2,1-2
2011-03-11,Frankfurt FSV,Ingolstadt,1-2,0-0
2011-03-11,Karlsruhe,Duisburg,3-1,2-0
2011-03-11,Oberhausen,Erzgebirge Aue,1-2,0-1
2011-03-12,Fortuna Düsseldorf,Paderborn,0-0,0-0
2011-03-12,Union Berlin,Augsburg,0-0,0-0
2011-03-13,Aachen,Bochum,1-3,1-1
2011-03-13,Bielefeld,München 1860,0-3,0-1
2011-03-13,Cottbus,Osnabruck,2-0,0-0
2011-03-14,Greuther Fürth,Hertha,0-2,0-1
2011-03-18,Duisburg,Fortuna Düsseldorf,1-0,0-0
2011-03-18,Ingolstadt,Hertha,1-1,0-0
2011-03-18,München 1860,Karlsruhe,5-1,3-0
2011-03-19,Augsburg,Oberhausen,2-0,1-0
2011-03-19,Osnabruck,Aachen,1-3,0-0
2011-03-20,Erzgebirge Aue,Greuther Fürth,0-0,0-0
2011-03-20,Paderborn,Frankfurt FSV,2-2,2-1
2011-03-20,Union Berlin,Bielefeld,2-2,1-2
2011-03-21,Bochum,Cottbus,1-0,0-0
2011-04-01,Bielefeld,Augsburg,0-2,0-0
2011-04-01,Cottbus,Ingolstadt,1-2,0-2
2011-04-01,Karlsruhe,Osnabruck,2-2,1-1
2011-04-02,Fortuna Düsseldorf,Erzgebirge Aue,3-0,2-0
2011-04-02,Greuther Fürth,Duisburg,2-1,1-1
2011-04-03,Aachen,München 1860,2-1,1-0
2011-04-03,Hertha,Paderborn,2-0,2-0
2011-04-03,Oberhausen,Union Berlin,0-2,0-0
2011-04-04,Frankfurt FSV,Bochum,0-1,0-1
2011-04-08,Augsburg,Greuther Fürth,0-0,0-0
2011-04-08,Duisburg,Aachen,3-2,1-1
2011-04-08,Osnabruck,Bielefeld,0-0,0-0
2011-04-09,München 1860,Cottbus,4-0,2-0
2011-04-09,Oberhausen,Fortuna Düsseldorf,1-2,0-0
2011-04-10,Erzgebirge Aue,Karlsruhe,1-1,0-1
2011-04-10,Paderborn,Ingolstadt,1-1,0-0
2011-04-10,Union Berlin,Frankfurt FSV,2-0,0-0
2011-04-11,Bochum,Hertha,0-2,0-1
2011-04-15,Fortuna Düsseldorf,Union Berlin,3-0,2-0
2011-04-15,Frankfurt FSV,München 1860,2-1,0-1
2011-04-15,Ingolstadt,Bochum,3-0,2-0
2011-04-16,Cottbus,Duisburg,3-1,0-0
2011-04-16,Hertha,Osnabruck,4-0,2-0
2011-04-17,Aachen,Erzgebirge Aue,1-5,1-1
2011-04-17,Bielefeld,Oberhausen,3-3,0-1
2011-04-17,Greuther Fürth,Paderborn,2-0,0-0
2011-04-18,Karlsruhe,Augsburg,0-1,0-1
2011-04-21,Erzgebirge Aue,Cottbus,1-2,0-1
2011-04-21,Osnabruck,Frankfurt FSV,1-1,1-1
2011-04-21,Paderborn,Bochum,0-0,0-0
2011-04-23,München 1860,Greuther Fürth,3-0,2-0
2011-04-23,Oberhausen,Karlsruhe,2-1,1-1
2011-04-24,Augsburg,Aachen,1-2,1-2
2011-04-24,Fortuna Düsseldorf,Bielefeld,2-0,1-0
2011-04-24,Union Berlin,Ingolstadt,1-1,0-0
2011-04-25,Duisburg,Hertha,0-1,0-1
2011-04-29,Aachen,Oberhausen,4-0,1-0
2011-04-29,Bochum,Union Berlin,3-0,1-0
2011-04-29,Hertha,München 1860,1-2,0-0
2011-04-29,Karlsruhe,Fortuna Düsseldorf,2-2,2-0
2011-04-29,Paderborn,Osnabruck,1-0,0-0
2011-04-30,Frankfurt FSV,Duisburg,0-4,0-2
2011-04-30,Greuther Fürth,Bielefeld,1-0,1-0
2011-04-30,Ingolstadt,Erzgebirge Aue,0-0,0-0
2011-05-02,Cottbus,Augsburg,1-1,0-1
2011-05-08,Augsburg,Frankfurt FSV,2-1,1-1
2011-05-08,Bielefeld,Karlsruhe,2-1,1-0
2011-05-08,Duisburg,Paderborn,3-1,2-0
2011-05-08,Erzgebirge Aue,Hertha,0-2,0-2
2011-05-08,Fortuna Düsseldorf,Aachen,3-1,2-1
2011-05-08,München 1860,Ingolstadt,1-1,1-0
2011-05-08,Oberhausen,Greuther Fürth,1-4,0-2
2011-05-08,Osnabruck,Bochum,1-3,0-1
2011-05-08,Union Berlin,Cottbus,4-2,1-1
2011-05-15,Aachen,Bielefeld,1-1,1-0
2011-05-15,Bochum,Duisburg,3-1,1-0
2011-05-15,Cottbus,Oberhausen,3-1,1-0
2011-05-15,Frankfurt FSV,Erzgebirge Aue,0-2,0-1
2011-05-15,Greuther Fürth,Fortuna Düsseldorf,1-1,0-0
2011-05-15,Hertha,Augsburg,2-1,1-0
2011-05-15,Ingolstadt,Osnabruck,0-1,0-1
2011-05-15,Karlsruhe,Union Berlin,3-2,2-1
2011-05-15,Paderborn,München 1860,3-2,2-1
