Round,Date,Team 1,Team 2,FT,HT
1,1994-08-19,FC Schalke 04,Bor. Mönchengladbach,1-1,1-0
1,1994-08-19,VfB Stuttgart,Hamburger SV,2-1,0-0
1,1994-08-19,Bayer Leverkusen,1. FC Kaiserslautern,0-1,0-0
1,1994-08-20,Dynamo Dresden,Werder Bremen,1-1,1-1
1,1994-08-20,Bayern München,VfL Bochum,3-1,0-0
1,1994-08-20,Karlsruher SC,SC Freiburg,2-0,1-0
1,1994-08-20,Bayer 05 Uerdingen,MSV Duisburg,1-1,0-1
1,1994-08-20,Borussia Dortmund,TSV 1860 München,4-0,2-0
1,1994-08-20,Eintracht Frankfurt,1. FC Köln,0-0,0-0
2,1994-08-23,SC Freiburg,Bayern München,5-1,3-1
2,1994-08-23,TSV 1860 München,VfB Stuttgart,0-2,0-0
2,1994-08-23,VfL Bochum,Dynamo Dresden,2-0,1-0
2,1994-08-23,1. FC Köln,Borussia Dortmund,1-6,1-3
2,1994-08-23,1. FC Kaiserslautern,Eintracht Frankfurt,1-1,0-0
2,1994-08-24,MSV Duisburg,FC Schalke 04,2-2,0-1
2,1994-08-24,Hamburger SV,Bayer 05 Uerdingen,0-0,0-0
2,1994-08-24,Bor. Mönchengladbach,Karlsruher SC,2-2,0-0
2,1994-08-24,Werder Bremen,Bayer Leverkusen,3-2,3-1
3,1994-08-26,Dynamo Dresden,SC Freiburg,1-3,0-1
3,1994-08-26,Borussia Dortmund,1. FC Kaiserslautern,2-1,1-0
3,1994-08-27,Bayern München,Bor. Mönchengladbach,3-0,2-0
3,1994-08-27,Karlsruher SC,MSV Duisburg,4-1,2-1
3,1994-08-27,FC Schalke 04,Hamburger SV,0-1,0-0
3,1994-08-27,Bayer 05 Uerdingen,TSV 1860 München,1-1,1-0
3,1994-08-27,VfB Stuttgart,1. FC Köln,2-2,2-1
3,1994-08-27,Werder Bremen,VfL Bochum,3-0,0-0
3,1994-08-28,Bayer Leverkusen,Eintracht Frankfurt,4-0,2-0
4,1994-09-02,MSV Duisburg,Bayern München,0-3,0-3
4,1994-09-02,SC Freiburg,Werder Bremen,1-3,1-2
4,1994-09-02,Bor. Mönchengladbach,Dynamo Dresden,2-0,0-0
4,1994-09-03,1. FC Kaiserslautern,VfB Stuttgart,3-2,2-1
4,1994-09-03,TSV 1860 München,FC Schalke 04,0-1,0-1
4,1994-09-03,Hamburger SV,Karlsruher SC,3-1,0-1
4,1994-09-03,VfL Bochum,Bayer Leverkusen,1-3,0-1
4,1994-09-03,Eintracht Frankfurt,Borussia Dortmund,4-1,1-1
4,1994-09-03,1. FC Köln,Bayer 05 Uerdingen,2-0,0-0
5,1994-09-16,Karlsruher SC,TSV 1860 München,3-1,2-0
5,1994-09-16,VfL Bochum,SC Freiburg,1-3,0-2
5,1994-09-17,Dynamo Dresden,MSV Duisburg,4-2,1-1
5,1994-09-17,Bayern München,Hamburger SV,1-1,0-1
5,1994-09-17,FC Schalke 04,1. FC Köln,3-1,1-1
5,1994-09-17,Bayer 05 Uerdingen,1. FC Kaiserslautern,1-3,0-1
5,1994-09-17,Werder Bremen,Bor. Mönchengladbach,1-0,1-0
5,1994-09-17,Bayer Leverkusen,Borussia Dortmund,2-2,1-1
5,1994-09-18,VfB Stuttgart,Eintracht Frankfurt,4-1,2-1
6,1994-09-21,TSV 1860 München,Bayern München,1-3,0-1
6,1994-09-23,MSV Duisburg,Werder Bremen,0-2,0-1
6,1994-09-23,Eintracht Frankfurt,Bayer 05 Uerdingen,0-3,0-2
6,1994-09-24,1. FC Kaiserslautern,FC Schalke 04,3-1,1-1
6,1994-09-24,Hamburger SV,Dynamo Dresden,2-1,0-0
6,1994-09-24,Bor. Mönchengladbach,VfL Bochum,7-1,4-0
6,1994-09-24,SC Freiburg,Bayer Leverkusen,1-1,1-1
6,1994-09-24,Borussia Dortmund,VfB Stuttgart,5-0,3-0
6,1994-09-24,1. FC Köln,Karlsruher SC,3-4,2-2
7,1994-09-30,Dynamo Dresden,TSV 1860 München,1-1,1-0
7,1994-09-30,VfL Bochum,MSV Duisburg,1-0,0-0
7,1994-10-01,Bayern München,1. FC Köln,2-2,0-2
7,1994-10-01,Karlsruher SC,1. FC Kaiserslautern,3-3,0-3
7,1994-10-01,FC Schalke 04,Eintracht Frankfurt,0-0,0-0
7,1994-10-01,Bayer 05 Uerdingen,Borussia Dortmund,0-2,0-0
7,1994-10-01,Bayer Leverkusen,VfB Stuttgart,3-1,1-0
7,1994-10-02,SC Freiburg,Bor. Mönchengladbach,1-1,1-1
7,1994-10-06,Werder Bremen,Hamburger SV,1-4,1-3
8,1994-10-05,1. FC Kaiserslautern,Bayern München,1-1,1-0
8,1994-10-07,Bor. Mönchengladbach,Bayer Leverkusen,3-3,0-2
8,1994-10-07,Eintracht Frankfurt,Karlsruher SC,1-0,0-0
8,1994-10-08,MSV Duisburg,SC Freiburg,1-2,0-0
8,1994-10-08,VfB Stuttgart,Bayer 05 Uerdingen,3-1,1-0
8,1994-10-08,Borussia Dortmund,FC Schalke 04,3-2,2-1
8,1994-10-08,1. FC Köln,Dynamo Dresden,1-2,0-1
8,1994-10-09,TSV 1860 München,Werder Bremen,1-2,1-1
8,1994-10-09,Hamburger SV,VfL Bochum,3-1,2-1
9,1994-10-14,SC Freiburg,Hamburger SV,3-0,2-0
9,1994-10-14,VfL Bochum,TSV 1860 München,2-2,1-0
9,1994-10-15,Dynamo Dresden,1. FC Kaiserslautern,1-0,1-0
9,1994-10-15,Bayern München,Eintracht Frankfurt,3-3,1-1
9,1994-10-15,Karlsruher SC,Borussia Dortmund,0-0,0-0
9,1994-10-15,FC Schalke 04,VfB Stuttgart,1-1,1-1
9,1994-10-15,Bor. Mönchengladbach,MSV Duisburg,1-0,1-0
9,1994-10-15,Werder Bremen,1. FC Köln,2-2,1-0
9,1994-10-15,Bayer Leverkusen,Bayer 05 Uerdingen,1-1,1-1
10,1994-10-21,Hamburger SV,Bor. Mönchengladbach,1-2,1-0
10,1994-10-21,1. FC Köln,VfL Bochum,2-1,2-1
10,1994-10-22,TSV 1860 München,SC Freiburg,4-0,2-0
10,1994-10-22,MSV Duisburg,Bayer Leverkusen,0-2,0-1
10,1994-10-22,Bayer 05 Uerdingen,FC Schalke 04,1-1,0-0
10,1994-10-22,VfB Stuttgart,Karlsruher SC,4-0,2-0
10,1994-10-22,Borussia Dortmund,Bayern München,1-0,0-0
10,1994-10-22,Eintracht Frankfurt,Dynamo Dresden,2-0,0-0
10,1994-10-23,1. FC Kaiserslautern,Werder Bremen,1-1,0-0
11,1994-10-28,Karlsruher SC,Bayer 05 Uerdingen,2-1,1-1
11,1994-10-28,VfL Bochum,1. FC Kaiserslautern,0-2,0-2
11,1994-10-29,Dynamo Dresden,Borussia Dortmund,0-1,0-1
11,1994-10-29,Bayern München,VfB Stuttgart,2-2,0-1
11,1994-10-29,Bor. Mönchengladbach,TSV 1860 München,2-0,0-0
11,1994-10-29,SC Freiburg,1. FC Köln,4-2,1-0
11,1994-10-29,Werder Bremen,Eintracht Frankfurt,2-0,1-0
11,1994-10-29,Bayer Leverkusen,FC Schalke 04,2-2,0-0
11,1994-10-30,MSV Duisburg,Hamburger SV,0-5,0-2
12,1994-11-04,FC Schalke 04,Karlsruher SC,0-0,0-0
12,1994-11-04,VfB Stuttgart,Dynamo Dresden,4-2,1-1
12,1994-11-05,1. FC Kaiserslautern,SC Freiburg,3-2,2-1
12,1994-11-05,TSV 1860 München,MSV Duisburg,1-1,1-1
12,1994-11-05,Hamburger SV,Bayer Leverkusen,1-2,1-0
12,1994-11-05,Bayer 05 Uerdingen,Bayern München,1-1,0-0
12,1994-11-05,Eintracht Frankfurt,VfL Bochum,2-1,1-0
12,1994-11-05,1. FC Köln,Bor. Mönchengladbach,1-3,1-1
12,1994-11-06,Borussia Dortmund,Werder Bremen,2-0,0-0
13,1994-11-11,Bor. Mönchengladbach,1. FC Kaiserslautern,4-0,1-0
13,1994-11-11,VfL Bochum,Borussia Dortmund,0-2,0-1
13,1994-11-12,Dynamo Dresden,Bayer 05 Uerdingen,1-2,1-1
13,1994-11-12,Bayern München,FC Schalke 04,2-0,0-0
13,1994-11-12,MSV Duisburg,1. FC Köln,1-3,1-1
13,1994-11-12,SC Freiburg,Eintracht Frankfurt,2-0,0-0
13,1994-11-12,Werder Bremen,VfB Stuttgart,4-0,2-0
13,1994-11-12,Bayer Leverkusen,Karlsruher SC,0-0,0-0
13,1994-11-13,Hamburger SV,TSV 1860 München,3-0,1-0
14,1994-11-18,FC Schalke 04,Dynamo Dresden,4-0,2-0
14,1994-11-18,1. FC Köln,Hamburger SV,1-1,1-0
14,1994-11-19,1. FC Kaiserslautern,MSV Duisburg,1-0,0-0
14,1994-11-19,TSV 1860 München,Bayer Leverkusen,1-1,0-0
14,1994-11-19,Karlsruher SC,Bayern München,2-2,0-0
14,1994-11-19,Bayer 05 Uerdingen,Werder Bremen,1-3,0-2
14,1994-11-19,VfB Stuttgart,VfL Bochum,2-2,1-1
14,1994-11-19,Borussia Dortmund,SC Freiburg,1-1,0-0
14,1994-11-19,Eintracht Frankfurt,Bor. Mönchengladbach,2-1,0-0
15,1994-11-25,VfL Bochum,Bayer 05 Uerdingen,2-1,1-0
15,1994-11-25,Werder Bremen,FC Schalke 04,2-1,0-0
15,1994-11-26,Dynamo Dresden,Karlsruher SC,1-1,0-0
15,1994-11-26,Bayern München,Bayer Leverkusen,2-1,1-1
15,1994-11-26,Hamburger SV,1. FC Kaiserslautern,0-0,0-0
15,1994-11-26,Bor. Mönchengladbach,Borussia Dortmund,3-3,1-3
15,1994-11-26,SC Freiburg,VfB Stuttgart,2-0,0-0
15,1994-11-26,1. FC Köln,TSV 1860 München,2-1,0-0
15,1994-11-27,MSV Duisburg,Eintracht Frankfurt,1-0,1-0
16,1994-12-02,1. FC Kaiserslautern,TSV 1860 München,1-1,0-0
16,1994-12-02,Borussia Dortmund,MSV Duisburg,1-0,1-0
16,1994-12-03,Bayern München,Dynamo Dresden,2-1,0-0
16,1994-12-03,Karlsruher SC,Werder Bremen,3-1,1-1
16,1994-12-03,Bayer 05 Uerdingen,SC Freiburg,0-2,0-1
16,1994-12-03,VfB Stuttgart,Bor. Mönchengladbach,2-4,2-0
16,1994-12-03,Eintracht Frankfurt,Hamburger SV,2-0,1-0
16,1994-12-03,Bayer Leverkusen,1. FC Köln,3-1,2-1
16,1994-12-04,FC Schalke 04,VfL Bochum,3-2,2-1
17,1994-11-29,Bor. Mönchengladbach,Bayer 05 Uerdingen,1-0,1-0
17,1994-11-29,VfL Bochum,Karlsruher SC,0-1,0-1
17,1994-11-29,1. FC Köln,1. FC Kaiserslautern,0-1,0-1
17,1994-12-09,SC Freiburg,FC Schalke 04,3-0,1-0
17,1994-12-10,Dynamo Dresden,Bayer Leverkusen,1-1,0-0
17,1994-12-10,TSV 1860 München,Eintracht Frankfurt,2-1,1-0
17,1994-12-10,Hamburger SV,Borussia Dortmund,0-4,0-0
17,1994-12-10,MSV Duisburg,VfB Stuttgart,2-0,0-0
17,1994-12-10,Werder Bremen,Bayern München,0-0,0-0
18,1995-02-17,MSV Duisburg,Bayer 05 Uerdingen,2-0,1-0
18,1995-02-17,SC Freiburg,Karlsruher SC,2-1,1-1
18,1995-02-17,1. FC Köln,Eintracht Frankfurt,3-0,1-0
18,1995-02-18,Werder Bremen,Dynamo Dresden,1-0,1-0
18,1995-02-18,VfL Bochum,Bayern München,1-2,0-1
18,1995-02-18,Bor. Mönchengladbach,FC Schalke 04,0-1,0-0
18,1995-02-18,Hamburger SV,VfB Stuttgart,0-2,0-2
18,1995-02-18,TSV 1860 München,Borussia Dortmund,1-5,0-1
18,1995-02-18,1. FC Kaiserslautern,Bayer Leverkusen,1-0,0-0
19,1995-02-24,Bayer 05 Uerdingen,Hamburger SV,4-1,3-1
19,1995-02-24,Dynamo Dresden,VfL Bochum,0-2,0-1
19,1995-02-25,Eintracht Frankfurt,1. FC Kaiserslautern,1-3,0-0
19,1995-02-25,VfB Stuttgart,TSV 1860 München,1-1,1-1
19,1995-02-25,FC Schalke 04,MSV Duisburg,0-0,0-0
19,1995-02-25,Bayern München,SC Freiburg,2-2,1-2
19,1995-02-25,Bayer Leverkusen,Werder Bremen,1-2,1-1
19,1995-02-25,Borussia Dortmund,1. FC Köln,2-1,2-0
19,1995-02-26,Karlsruher SC,Bor. Mönchengladbach,2-4,1-1
20,1995-03-03,MSV Duisburg,Karlsruher SC,0-0,0-0
20,1995-03-03,VfL Bochum,Werder Bremen,1-3,1-2
20,1995-03-04,SC Freiburg,Dynamo Dresden,3-1,2-1
20,1995-03-04,Bor. Mönchengladbach,Bayern München,2-2,1-1
20,1995-03-04,Hamburger SV,FC Schalke 04,3-0,1-0
20,1995-03-04,1. FC Kaiserslautern,Borussia Dortmund,1-0,1-0
20,1995-03-04,Eintracht Frankfurt,Bayer Leverkusen,2-0,0-0
20,1995-03-05,1. FC Köln,VfB Stuttgart,1-0,0-0
20,1995-03-21,TSV 1860 München,Bayer 05 Uerdingen,1-1,0-1
21,1995-03-10,Bayern München,MSV Duisburg,1-1,1-0
21,1995-03-10,Werder Bremen,SC Freiburg,5-1,3-0
21,1995-03-11,VfB Stuttgart,1. FC Kaiserslautern,2-2,1-0
21,1995-03-11,Karlsruher SC,Hamburger SV,2-0,1-0
21,1995-03-11,Dynamo Dresden,Bor. Mönchengladbach,0-3,0-1
21,1995-03-11,Bayer Leverkusen,VfL Bochum,1-3,0-3
21,1995-03-11,Borussia Dortmund,Eintracht Frankfurt,1-1,1-1
21,1995-03-11,Bayer 05 Uerdingen,1. FC Köln,0-0,0-0
21,1995-03-12,FC Schalke 04,TSV 1860 München,6-2,3-0
22,1995-03-17,1. FC Kaiserslautern,Bayer 05 Uerdingen,1-1,1-1
22,1995-03-17,Bor. Mönchengladbach,Werder Bremen,2-0,0-0
22,1995-03-18,Hamburger SV,Bayern München,1-1,0-0
22,1995-03-18,TSV 1860 München,Karlsruher SC,1-0,1-0
22,1995-03-18,1. FC Köln,FC Schalke 04,5-1,3-1
22,1995-03-18,Eintracht Frankfurt,VfB Stuttgart,2-2,0-1
22,1995-03-18,SC Freiburg,VfL Bochum,1-2,0-1
22,1995-03-18,Borussia Dortmund,Bayer Leverkusen,0-3,0-1
22,1995-03-19,MSV Duisburg,Dynamo Dresden,1-1,1-0
23,1995-03-24,Werder Bremen,MSV Duisburg,5-1,3-0
23,1995-03-24,Bayer Leverkusen,SC Freiburg,2-4,1-2
23,1995-03-24,Bayer 05 Uerdingen,Eintracht Frankfurt,1-1,0-0
23,1995-03-25,FC Schalke 04,1. FC Kaiserslautern,0-1,0-1
23,1995-03-25,Bayern München,TSV 1860 München,1-0,1-0
23,1995-03-25,Dynamo Dresden,Hamburger SV,1-1,0-0
23,1995-03-25,VfL Bochum,Bor. Mönchengladbach,0-2,0-1
23,1995-03-25,VfB Stuttgart,Borussia Dortmund,0-0,0-0
23,1995-03-25,Karlsruher SC,1. FC Köln,0-0,0-0
24,1995-03-31,MSV Duisburg,VfL Bochum,3-1,1-1
24,1995-03-31,Eintracht Frankfurt,FC Schalke 04,0-3,0-0
24,1995-04-01,TSV 1860 München,Dynamo Dresden,3-1,1-0
24,1995-04-01,1. FC Köln,Bayern München,3-1,1-1
24,1995-04-01,1. FC Kaiserslautern,Karlsruher SC,0-0,0-0
24,1995-04-01,Borussia Dortmund,Bayer 05 Uerdingen,3-1,1-0
24,1995-04-01,Bor. Mönchengladbach,SC Freiburg,1-2,1-2
24,1995-04-01,VfB Stuttgart,Bayer Leverkusen,4-2,2-2
24,1995-04-02,Hamburger SV,Werder Bremen,0-0,0-0
25,1995-04-07,VfL Bochum,Hamburger SV,0-0,0-0
25,1995-04-07,Bayer 05 Uerdingen,VfB Stuttgart,4-1,2-0
25,1995-04-08,Bayern München,1. FC Kaiserslautern,1-1,1-1
25,1995-04-08,SC Freiburg,MSV Duisburg,3-0,2-0
25,1995-04-08,Bayer Leverkusen,Bor. Mönchengladbach,3-1,1-0
25,1995-04-08,FC Schalke 04,Borussia Dortmund,0-0,0-0
25,1995-04-08,Karlsruher SC,Eintracht Frankfurt,1-1,1-0
25,1995-04-08,Dynamo Dresden,1. FC Köln,1-3,1-0
25,1995-04-09,Werder Bremen,TSV 1860 München,2-0,0-0
26,1995-04-13,Borussia Dortmund,Karlsruher SC,2-1,0-1
26,1995-04-13,Hamburger SV,SC Freiburg,1-2,1-1
26,1995-04-13,Bayer 05 Uerdingen,Bayer Leverkusen,0-1,0-1
26,1995-04-15,1. FC Kaiserslautern,Dynamo Dresden,3-1,1-0
26,1995-04-15,Eintracht Frankfurt,Bayern München,2-0,2-2
26,1995-04-15,VfB Stuttgart,FC Schalke 04,1-1,0-0
26,1995-04-15,MSV Duisburg,Bor. Mönchengladbach,0-2,0-1
26,1995-04-15,1. FC Köln,Werder Bremen,1-1,0-0
26,1995-04-16,TSV 1860 München,VfL Bochum,4-0,3-0
27,1995-04-21,Bor. Mönchengladbach,Hamburger SV,2-1,1-0
27,1995-04-21,Karlsruher SC,VfB Stuttgart,3-1,3-0
27,1995-04-21,VfL Bochum,1. FC Köln,1-0,0-0
27,1995-04-22,Werder Bremen,1. FC Kaiserslautern,2-2,0-2
27,1995-04-22,SC Freiburg,TSV 1860 München,1-1,0-1
27,1995-04-22,Bayer Leverkusen,MSV Duisburg,2-0,1-0
27,1995-04-22,FC Schalke 04,Bayer 05 Uerdingen,2-0,0-0
27,1995-04-22,Bayern München,Borussia Dortmund,2-1,0-0
27,1995-04-22,Dynamo Dresden,Eintracht Frankfurt,1-2,1-0
28,1995-04-28,Hamburger SV,MSV Duisburg,3-0,1-0
28,1995-04-28,1. FC Köln,SC Freiburg,2-0,1-0
28,1995-04-29,Borussia Dortmund,Dynamo Dresden,2-0,0-0
28,1995-04-29,VfB Stuttgart,Bayern München,0-2,0-1
28,1995-04-29,Bayer 05 Uerdingen,Karlsruher SC,0-0,0-0
28,1995-04-29,TSV 1860 München,Bor. Mönchengladbach,2-0,1-0
28,1995-04-29,1. FC Kaiserslautern,VfL Bochum,3-1,2-0
28,1995-04-29,FC Schalke 04,Bayer Leverkusen,3-2,0-0
28,1995-04-30,Eintracht Frankfurt,Werder Bremen,0-0,0-0
29,1995-05-05,MSV Duisburg,TSV 1860 München,1-1,0-1
29,1995-05-05,SC Freiburg,1. FC Kaiserslautern,4-1,1-1
29,1995-05-06,Bayer Leverkusen,Hamburger SV,3-1,0-1
29,1995-05-06,Karlsruher SC,FC Schalke 04,2-2,1-1
29,1995-05-06,Bayern München,Bayer 05 Uerdingen,2-1,1-1
29,1995-05-06,Dynamo Dresden,VfB Stuttgart,1-1,0-0
29,1995-05-06,VfL Bochum,Eintracht Frankfurt,0-1,0-1
29,1995-05-06,Bor. Mönchengladbach,1. FC Köln,0-0,0-0
29,1995-05-07,Werder Bremen,Borussia Dortmund,3-1,0-0
30,1995-05-12,Bayer 05 Uerdingen,Dynamo Dresden,3-1,1-1
30,1995-05-12,Karlsruher SC,Bayer Leverkusen,2-4,1-2
30,1995-05-13,TSV 1860 München,Hamburger SV,1-1,1-0
30,1995-05-13,1. FC Köln,MSV Duisburg,0-3,0-1
30,1995-05-13,1. FC Kaiserslautern,Bor. Mönchengladbach,2-2,1-1
30,1995-05-13,Eintracht Frankfurt,SC Freiburg,1-2,1-1
30,1995-05-13,Borussia Dortmund,VfL Bochum,3-1,0-0
30,1995-05-13,VfB Stuttgart,Werder Bremen,1-4,0-2
30,1995-05-14,FC Schalke 04,Bayern München,0-3,0-2
31,1995-05-19,Bayer Leverkusen,TSV 1860 München,0-2,0-1
31,1995-05-19,Hamburger SV,1. FC Köln,0-4,0-3
31,1995-05-20,MSV Duisburg,1. FC Kaiserslautern,3-2,1-2
31,1995-05-20,Bayern München,Karlsruher SC,0-1,0-1
31,1995-05-20,Dynamo Dresden,FC Schalke 04,2-1,1-0
31,1995-05-20,Werder Bremen,Bayer 05 Uerdingen,6-1,2-0
31,1995-05-20,VfL Bochum,VfB Stuttgart,4-0,2-0
31,1995-05-20,SC Freiburg,Borussia Dortmund,1-1,0-0
31,1995-05-21,Bor. Mönchengladbach,Eintracht Frankfurt,2-0,0-0
32,1995-05-26,1. FC Kaiserslautern,Hamburger SV,4-1,1-1
32,1995-05-26,TSV 1860 München,1. FC Köln,2-1,2-0
32,1995-05-27,Karlsruher SC,Dynamo Dresden,5-3,2-2
32,1995-05-27,Bayer Leverkusen,Bayern München,2-0,1-0
32,1995-05-27,Eintracht Frankfurt,MSV Duisburg,4-1,2-0
32,1995-05-27,VfB Stuttgart,SC Freiburg,1-0,1-0
32,1995-05-27,Bayer 05 Uerdingen,VfL Bochum,2-1,0-0
32,1995-05-27,FC Schalke 04,Werder Bremen,4-2,2-0
32,1995-05-28,Borussia Dortmund,Bor. Mönchengladbach,1-1,0-0
33,1995-06-10,TSV 1860 München,1. FC Kaiserslautern,1-3,1-2
33,1995-06-10,Dynamo Dresden,Bayern München,0-1,0-0
33,1995-06-10,Werder Bremen,Karlsruher SC,2-1,2-0
33,1995-06-10,VfL Bochum,FC Schalke 04,5-1,2-1
33,1995-06-10,SC Freiburg,Bayer 05 Uerdingen,1-0,0-0
33,1995-06-10,Bor. Mönchengladbach,VfB Stuttgart,3-1,0-1
33,1995-06-10,MSV Duisburg,Borussia Dortmund,2-3,1-0
33,1995-06-10,Hamburger SV,Eintracht Frankfurt,3-1,0-0
33,1995-06-10,1. FC Köln,Bayer Leverkusen,3-3,0-1
34,1995-06-17,Bayer Leverkusen,Dynamo Dresden,2-2,1-0
34,1995-06-17,Eintracht Frankfurt,TSV 1860 München,3-1,2-0
34,1995-06-17,Borussia Dortmund,Hamburger SV,2-0,2-0
34,1995-06-17,VfB Stuttgart,MSV Duisburg,3-1,1-0
34,1995-06-17,Bayer 05 Uerdingen,Bor. Mönchengladbach,3-2,2-0
34,1995-06-17,FC Schalke 04,SC Freiburg,1-2,1-1
34,1995-06-17,Karlsruher SC,VfL Bochum,2-2,0-1
34,1995-06-17,Bayern München,Werder Bremen,3-1,2-1
34,1995-06-17,1. FC Kaiserslautern,1. FC Köln,3-1,1-0
