Round,Date,Team 1,Team 2,FT,HT
1,1964-08-22,Eintracht Frankfurt,FC Schalke 04,2-2,0-2
1,1964-08-22,1. FC Kaiserslautern,Werder Bremen,2-1,2-1
1,1964-08-22,Hamburger SV,VfB Stuttgart,2-2,0-2
1,1964-08-22,Borussia Dortmund,Hannover 96,0-2,0-0
1,1964-08-22,Eintracht Braunschweig,TSV 1860 München,1-1,1-0
1,1964-08-22,Karlsruher SC,MSV Duisburg,2-1,1-0
1,1964-08-22,1. FC Nürnberg,Borussia Neunkirchen,2-0,0-0
1,1964-08-22,1. FC Köln,Hertha BSC,2-3,1-0
2,1964-08-29,VfB Stuttgart,1. FC Nürnberg,3-1,1-1
2,1964-08-29,Hannover 96,1. FC Köln,2-0,2-0
2,1964-08-29,Hertha BSC,Hamburger SV,0-0,0-0
2,1964-08-29,FC Schalke 04,Karlsruher SC,1-1,0-0
2,1964-08-29,Borussia Neunkirchen,Borussia Dortmund,1-2,0-0
2,1964-08-29,MSV Duisburg,1. FC Kaiserslautern,3-1,3-0
2,1964-08-29,Werder Bremen,Eintracht Braunschweig,5-1,3-1
2,1964-08-29,TSV 1860 München,Eintracht Frankfurt,0-1,0-0
3,1964-09-05,Hamburger SV,Hannover 96,3-0,0-0
3,1964-09-05,1. FC Köln,Borussia Neunkirchen,4-3,2-3
3,1964-09-05,1. FC Nürnberg,Hertha BSC,2-0,1-0
3,1964-09-05,Karlsruher SC,TSV 1860 München,1-5,0-2
3,1964-09-05,Eintracht Frankfurt,Werder Bremen,0-2,0-1
3,1964-09-05,1. FC Kaiserslautern,FC Schalke 04,3-0,3-0
3,1964-09-05,Eintracht Braunschweig,MSV Duisburg,0-1,0-1
3,1964-09-11,Borussia Dortmund,VfB Stuttgart,1-0,0-0
4,1964-09-12,VfB Stuttgart,1. FC Köln,3-3,2-2
4,1964-09-12,Hannover 96,1. FC Nürnberg,2-2,2-2
4,1964-09-12,MSV Duisburg,Eintracht Frankfurt,1-3,1-2
4,1964-09-12,TSV 1860 München,1. FC Kaiserslautern,2-2,1-2
4,1964-09-12,FC Schalke 04,Eintracht Braunschweig,0-3,0-1
4,1964-09-12,Werder Bremen,Karlsruher SC,1-0,0-0
4,1964-09-12,Borussia Neunkirchen,Hamburger SV,3-1,2-1
4,1964-09-12,Hertha BSC,Borussia Dortmund,0-0,0-0
5,1964-09-19,1. FC Nürnberg,FC Schalke 04,3-2,1-1
5,1964-09-19,Hamburger SV,MSV Duisburg,3-0,2-0
5,1964-09-19,1. FC Köln,Werder Bremen,4-2,2-0
5,1964-09-19,VfB Stuttgart,Hertha BSC,1-1,1-1
5,1964-09-19,Borussia Dortmund,TSV 1860 München,1-1,0-0
5,1964-09-19,1. FC Kaiserslautern,Hannover 96,1-0,1-0
5,1964-09-19,Eintracht Braunschweig,Borussia Neunkirchen,1-0,0-0
5,1964-09-19,Eintracht Frankfurt,Karlsruher SC,0-7,0-5
6,1964-09-26,Borussia Neunkirchen,1. FC Kaiserslautern,0-3,0-1
6,1964-09-26,TSV 1860 München,1. FC Nürnberg,2-0,1-0
6,1964-09-26,Werder Bremen,Hamburger SV,0-0,0-0
6,1964-09-26,MSV Duisburg,1. FC Köln,0-3,0-3
6,1964-09-26,FC Schalke 04,Borussia Dortmund,2-6,0-6
6,1964-09-26,Karlsruher SC,VfB Stuttgart,0-0,0-0
6,1964-09-26,Hertha BSC,Eintracht Frankfurt,1-3,1-2
6,1964-09-26,Hannover 96,Eintracht Braunschweig,2-2,1-1
7,1964-10-10,Hertha BSC,TSV 1860 München,2-1,1-1
7,1964-10-10,1. FC Köln,Eintracht Braunschweig,5-1,1-1
7,1964-10-10,Borussia Dortmund,1. FC Kaiserslautern,3-2,1-1
7,1964-10-10,1. FC Nürnberg,Karlsruher SC,4-1,2-0
7,1964-10-10,Hannover 96,Werder Bremen,1-2,1-1
7,1964-10-10,Hamburger SV,Eintracht Frankfurt,2-1,1-1
7,1964-10-10,VfB Stuttgart,FC Schalke 04,2-1,0-1
7,1964-10-10,Borussia Neunkirchen,MSV Duisburg,4-2,2-0
8,1964-10-17,TSV 1860 München,Hannover 96,4-0,0-0
8,1964-10-17,FC Schalke 04,Hertha BSC,3-0,2-0
8,1964-10-17,1. FC Kaiserslautern,1. FC Nürnberg,3-2,1-1
8,1964-10-17,Karlsruher SC,Hamburger SV,2-2,1-2
8,1964-10-17,MSV Duisburg,VfB Stuttgart,3-3,1-2
8,1964-10-17,Eintracht Braunschweig,Borussia Dortmund,0-1,0-0
8,1964-10-17,Werder Bremen,Borussia Neunkirchen,2-0,2-0
8,1964-10-17,Eintracht Frankfurt,1. FC Köln,1-4,0-1
9,1964-10-24,Hamburger SV,1. FC Kaiserslautern,3-2,2-2
9,1964-10-24,Hertha BSC,MSV Duisburg,2-2,2-1
9,1964-10-24,Borussia Dortmund,Eintracht Frankfurt,1-3,1-1
9,1964-10-24,1. FC Nürnberg,Eintracht Braunschweig,3-2,0-2
9,1964-10-24,VfB Stuttgart,Werder Bremen,1-1,0-1
9,1964-10-24,Borussia Neunkirchen,TSV 1860 München,3-0,0-0
9,1964-10-24,1. FC Köln,Karlsruher SC,4-1,1-1
9,1964-10-24,Hannover 96,FC Schalke 04,1-0,1-0
10,1964-11-07,Eintracht Braunschweig,Hamburger SV,2-0,2-0
10,1964-11-07,Karlsruher SC,Borussia Dortmund,2-0,1-0
10,1964-11-07,Eintracht Frankfurt,1. FC Nürnberg,1-1,0-1
10,1964-11-07,TSV 1860 München,VfB Stuttgart,1-0,0-0
10,1964-11-07,MSV Duisburg,Hannover 96,1-0,1-0
10,1964-11-07,1. FC Kaiserslautern,1. FC Köln,2-2,0-2
10,1964-11-07,FC Schalke 04,Borussia Neunkirchen,1-1,0-1
10,1964-11-07,Werder Bremen,Hertha BSC,5-1,0-0
11,1964-11-14,Hertha BSC,1. FC Kaiserslautern,5-3,4-0
11,1964-11-14,1. FC Köln,TSV 1860 München,1-1,1-0
11,1964-11-14,Werder Bremen,FC Schalke 04,2-2,1-1
11,1964-11-14,VfB Stuttgart,Eintracht Braunschweig,3-1,2-1
11,1964-11-14,1. FC Nürnberg,Hamburger SV,2-3,2-2
11,1964-11-14,Hannover 96,Eintracht Frankfurt,3-2,1-0
11,1964-11-19,Borussia Dortmund,MSV Duisburg,0-0,0-0
11,1965-01-11,Borussia Neunkirchen,Karlsruher SC,1-0,0-0
12,1964-11-21,FC Schalke 04,1. FC Köln,2-3,1-2
12,1964-11-21,Hamburger SV,Borussia Dortmund,1-4,0-2
12,1964-11-21,MSV Duisburg,1. FC Nürnberg,2-0,2-0
12,1964-11-21,TSV 1860 München,Werder Bremen,3-1,1-1
12,1964-11-21,Karlsruher SC,Hannover 96,2-3,0-1
12,1964-11-21,1. FC Kaiserslautern,VfB Stuttgart,2-1,2-1
12,1964-11-21,Eintracht Frankfurt,Borussia Neunkirchen,1-0,0-0
12,1964-11-21,Eintracht Braunschweig,Hertha BSC,1-1,0-1
13,1964-11-28,1. FC Köln,Hamburger SV,3-0,3-0
13,1964-11-28,1. FC Nürnberg,Borussia Dortmund,1-0,0-0
13,1964-11-28,FC Schalke 04,TSV 1860 München,2-2,1-1
13,1964-11-28,VfB Stuttgart,Eintracht Frankfurt,1-2,1-2
13,1964-11-28,Borussia Neunkirchen,Hannover 96,2-1,0-0
13,1964-11-28,Eintracht Braunschweig,1. FC Kaiserslautern,2-0,1-0
13,1964-11-28,Hertha BSC,Karlsruher SC,2-1,0-0
13,1964-11-28,Werder Bremen,MSV Duisburg,1-0,0-0
14,1964-12-05,Hamburger SV,TSV 1860 München,3-2,1-2
14,1964-12-05,Borussia Dortmund,Werder Bremen,1-2,1-1
14,1964-12-05,1. FC Nürnberg,1. FC Köln,3-0,2-0
14,1964-12-05,Hannover 96,VfB Stuttgart,2-1,1-0
14,1964-12-05,Eintracht Frankfurt,Eintracht Braunschweig,2-2,1-0
14,1964-12-05,Borussia Neunkirchen,Hertha BSC,2-2,2-1
14,1964-12-05,Karlsruher SC,1. FC Kaiserslautern,6-1,3-1
14,1964-12-05,MSV Duisburg,FC Schalke 04,2-1,0-1
15,1964-12-12,Hertha BSC,Hannover 96,1-1,0-1
15,1964-12-12,VfB Stuttgart,Borussia Neunkirchen,3-2,2-0
15,1964-12-12,1. FC Kaiserslautern,Eintracht Frankfurt,0-1,0-0
15,1964-12-12,1. FC Köln,Borussia Dortmund,3-3,1-0
15,1964-12-12,FC Schalke 04,Hamburger SV,3-1,2-0
15,1964-12-12,TSV 1860 München,MSV Duisburg,2-1,1-1
15,1964-12-12,Werder Bremen,1. FC Nürnberg,1-1,1-0
15,1964-12-12,Eintracht Braunschweig,Karlsruher SC,3-0,1-0
16,1964-12-19,Hertha BSC,1. FC Köln,1-3,1-3
16,1964-12-19,FC Schalke 04,Eintracht Frankfurt,1-1,0-0
16,1964-12-19,Hannover 96,Borussia Dortmund,2-0,2-0
16,1964-12-19,TSV 1860 München,Eintracht Braunschweig,2-0,0-0
16,1964-12-19,MSV Duisburg,Karlsruher SC,1-1,1-1
16,1964-12-19,Borussia Neunkirchen,1. FC Nürnberg,1-1,1-0
16,1964-12-19,Werder Bremen,1. FC Kaiserslautern,1-1,0-1
16,1964-12-19,VfB Stuttgart,Hamburger SV,2-4,1-2
17,1964-12-31,1. FC Nürnberg,VfB Stuttgart,1-1,0-1
17,1965-01-02,1. FC Köln,Hannover 96,0-1,0-1
17,1965-01-02,Hamburger SV,Hertha BSC,4-1,3-1
17,1965-01-02,Karlsruher SC,FC Schalke 04,2-2,1-1
17,1965-01-02,Borussia Dortmund,Borussia Neunkirchen,5-1,1-0
17,1965-01-02,1. FC Kaiserslautern,MSV Duisburg,2-0,0-0
17,1965-01-02,Eintracht Braunschweig,Werder Bremen,1-1,1-0
17,1965-01-02,Eintracht Frankfurt,TSV 1860 München,4-1,2-0
18,1965-01-09,Hertha BSC,1. FC Nürnberg,1-2,0-1
18,1965-01-09,Hannover 96,Hamburger SV,1-2,0-1
18,1965-01-09,Borussia Neunkirchen,1. FC Köln,1-1,1-1
18,1965-01-09,VfB Stuttgart,Borussia Dortmund,3-2,2-2
18,1965-01-09,Werder Bremen,Eintracht Frankfurt,2-2,1-0
18,1965-01-09,FC Schalke 04,1. FC Kaiserslautern,1-0,0-0
18,1965-01-09,MSV Duisburg,Eintracht Braunschweig,2-0,0-0
18,1965-02-27,TSV 1860 München,Karlsruher SC,9-0,5-0
19,1965-01-23,1. FC Köln,VfB Stuttgart,2-1,1-0
19,1965-01-23,1. FC Nürnberg,Hannover 96,1-0,0-0
19,1965-01-23,Eintracht Frankfurt,MSV Duisburg,2-3,1-0
19,1965-01-23,1. FC Kaiserslautern,TSV 1860 München,1-2,1-1
19,1965-01-23,Eintracht Braunschweig,FC Schalke 04,1-2,1-1
19,1965-01-23,Karlsruher SC,Werder Bremen,0-2,0-1
19,1965-01-23,Hamburger SV,Borussia Neunkirchen,1-2,0-2
19,1965-01-23,Borussia Dortmund,Hertha BSC,6-3,4-1
20,1965-01-30,FC Schalke 04,1. FC Nürnberg,1-3,1-1
20,1965-01-30,MSV Duisburg,Hamburger SV,3-2,0-0
20,1965-01-30,Werder Bremen,1. FC Köln,0-0,0-0
20,1965-01-30,Hertha BSC,VfB Stuttgart,0-0,0-0
20,1965-01-30,TSV 1860 München,Borussia Dortmund,4-4,2-2
20,1965-01-30,Borussia Neunkirchen,Eintracht Braunschweig,0-0,0-0
20,1965-01-30,Karlsruher SC,Eintracht Frankfurt,3-1,1-1
20,1965-04-14,Hannover 96,1. FC Kaiserslautern,4-0,2-0
21,1965-02-13,1. FC Nürnberg,TSV 1860 München,2-2,1-1
21,1965-02-13,Hamburger SV,Werder Bremen,0-4,0-2
21,1965-02-13,1. FC Köln,MSV Duisburg,1-2,0-0
21,1965-02-13,Borussia Dortmund,FC Schalke 04,4-0,4-0
21,1965-02-13,VfB Stuttgart,Karlsruher SC,1-2,0-1
21,1965-02-13,Eintracht Frankfurt,Hertha BSC,3-0,1-0
21,1965-02-13,Eintracht Braunschweig,Hannover 96,2-2,2-1
21,1965-02-27,1. FC Kaiserslautern,Borussia Neunkirchen,2-0,1-0
22,1965-02-20,TSV 1860 München,Hertha BSC,6-4,3-1
22,1965-02-20,Eintracht Braunschweig,1. FC Köln,1-1,1-1
22,1965-02-20,1. FC Kaiserslautern,Borussia Dortmund,1-3,1-2
22,1965-02-20,Karlsruher SC,1. FC Nürnberg,1-1,0-1
22,1965-02-20,Werder Bremen,Hannover 96,3-0,1-0
22,1965-02-20,Eintracht Frankfurt,Hamburger SV,2-1,0-1
22,1965-02-20,FC Schalke 04,VfB Stuttgart,3-1,1-0
22,1965-02-20,MSV Duisburg,Borussia Neunkirchen,1-1,0-0
23,1965-03-06,Hannover 96,TSV 1860 München,0-2,0-0
23,1965-03-06,1. FC Nürnberg,1. FC Kaiserslautern,1-0,0-0
23,1965-03-06,Hamburger SV,Karlsruher SC,2-1,1-1
23,1965-03-06,Borussia Dortmund,Eintracht Braunschweig,5-4,1-1
23,1965-03-06,Borussia Neunkirchen,Werder Bremen,1-1,0-0
23,1965-03-06,1. FC Köln,Eintracht Frankfurt,3-4,1-1
23,1965-03-12,VfB Stuttgart,MSV Duisburg,4-2,2-0
23,1965-03-13,Hertha BSC,FC Schalke 04,2-1,1-0
24,1965-03-20,1. FC Kaiserslautern,Hamburger SV,2-1,1-1
24,1965-03-20,MSV Duisburg,Hertha BSC,2-2,1-2
24,1965-03-20,Eintracht Frankfurt,Borussia Dortmund,0-2,0-0
24,1965-03-20,Eintracht Braunschweig,1. FC Nürnberg,1-0,0-0
24,1965-03-20,Werder Bremen,VfB Stuttgart,1-0,0-0
24,1965-03-20,TSV 1860 München,Borussia Neunkirchen,4-2,2-0
24,1965-03-20,Karlsruher SC,1. FC Köln,2-4,1-1
24,1965-03-20,FC Schalke 04,Hannover 96,2-2,2-1
25,1965-03-27,Hamburger SV,Eintracht Braunschweig,0-1,0-0
25,1965-03-27,Borussia Dortmund,Karlsruher SC,5-1,2-1
25,1965-03-27,1. FC Nürnberg,Eintracht Frankfurt,0-0,0-0
25,1965-03-27,VfB Stuttgart,TSV 1860 München,3-0,2-0
25,1965-03-27,Hannover 96,MSV Duisburg,2-0,2-0
25,1965-03-27,1. FC Köln,1. FC Kaiserslautern,3-0,0-0
25,1965-03-27,Hertha BSC,Werder Bremen,0-0,0-0
25,1965-04-02,Borussia Neunkirchen,FC Schalke 04,3-2,1-1
26,1965-04-03,1. FC Kaiserslautern,Hertha BSC,1-2,1-0
26,1965-04-03,TSV 1860 München,1. FC Köln,2-3,0-2
26,1965-04-03,FC Schalke 04,Werder Bremen,1-0,1-0
26,1965-04-03,Eintracht Braunschweig,VfB Stuttgart,2-1,1-1
26,1965-04-03,Hamburger SV,1. FC Nürnberg,2-1,1-0
26,1965-04-03,MSV Duisburg,Borussia Dortmund,3-2,2-0
26,1965-04-03,Karlsruher SC,Borussia Neunkirchen,2-1,2-0
26,1965-04-03,Eintracht Frankfurt,Hannover 96,3-3,1-1
27,1965-04-10,1. FC Köln,FC Schalke 04,2-1,1-0
27,1965-04-10,Borussia Dortmund,Hamburger SV,2-0,1-0
27,1965-04-10,1. FC Nürnberg,MSV Duisburg,1-1,1-1
27,1965-04-10,Werder Bremen,TSV 1860 München,3-2,1-2
27,1965-04-10,Hannover 96,Karlsruher SC,4-2,3-0
27,1965-04-10,VfB Stuttgart,1. FC Kaiserslautern,1-0,0-0
27,1965-04-10,Borussia Neunkirchen,Eintracht Frankfurt,4-0,2-0
27,1965-04-10,Hertha BSC,Eintracht Braunschweig,0-3,0-0
28,1965-04-30,Hamburger SV,1. FC Köln,0-0,0-0
28,1965-04-30,Borussia Dortmund,1. FC Nürnberg,2-1,1-0
28,1965-04-30,TSV 1860 München,FC Schalke 04,3-1,1-0
28,1965-04-30,Eintracht Frankfurt,VfB Stuttgart,2-3,1-2
28,1965-04-30,Hannover 96,Borussia Neunkirchen,1-1,0-1
28,1965-04-30,1. FC Kaiserslautern,Eintracht Braunschweig,2-1,0-0
28,1965-04-30,Karlsruher SC,Hertha BSC,0-1,0-0
28,1965-04-30,MSV Duisburg,Werder Bremen,2-2,0-1
29,1965-05-08,TSV 1860 München,Hamburger SV,4-1,2-1
29,1965-05-08,1. FC Kaiserslautern,Karlsruher SC,0-1,0-1
29,1965-05-08,Werder Bremen,Borussia Dortmund,3-0,2-0
29,1965-05-08,1. FC Köln,1. FC Nürnberg,0-0,0-0
29,1965-05-08,VfB Stuttgart,Hannover 96,0-3,0-2
29,1965-05-08,Eintracht Braunschweig,Eintracht Frankfurt,3-2,1-1
29,1965-05-08,Hertha BSC,Borussia Neunkirchen,1-1,0-1
29,1965-05-08,FC Schalke 04,MSV Duisburg,1-2,0-1
30,1965-05-15,Borussia Neunkirchen,VfB Stuttgart,3-1,2-0
30,1965-05-15,1. FC Nürnberg,Werder Bremen,2-3,2-2
30,1965-05-15,Eintracht Frankfurt,1. FC Kaiserslautern,1-2,1-1
30,1965-05-15,Borussia Dortmund,1. FC Köln,2-2,1-1
30,1965-05-15,Hannover 96,Hertha BSC,3-1,1-1
30,1965-05-15,Hamburger SV,FC Schalke 04,2-4,1-1
30,1965-05-15,Karlsruher SC,Eintracht Braunschweig,3-0,0-0
30,1965-05-15,MSV Duisburg,TSV 1860 München,3-0,1-0
