Round,Date,Team 1,Team 2,FT,HT
1,1967-08-18,MSV Duisburg,Borussia Dortmund,2-2,2-1
1,1967-08-19,TSV 1860 München,Eintracht Braunschweig,1-0,0-0
1,1967-08-19,FC Schalke 04,Bor. Mönchengladbach,3-4,0-2
1,1967-08-19,VfB Stuttgart,Eintracht Frankfurt,4-0,2-0
1,1967-08-19,Alemannia Aachen,Bayern München,0-4,0-1
1,1967-08-19,1. FC Nürnberg,Karlsruher SC,2-0,2-0
1,1967-08-19,Hannover 96,1. FC Köln,3-0,1-0
1,1967-08-19,1. FC Kaiserslautern,Borussia Neunkirchen,2-1,1-0
1,1967-08-19,Werder Bremen,Hamburger SV,1-4,1-1
2,1967-08-26,Eintracht Frankfurt,Werder Bremen,5-3,4-2
2,1967-08-26,Karlsruher SC,MSV Duisburg,0-2,0-0
2,1967-08-26,Borussia Neunkirchen,1. FC Nürnberg,2-2,1-0
2,1967-08-26,Eintracht Braunschweig,FC Schalke 04,1-0,1-0
2,1967-08-26,Hamburger SV,1. FC Kaiserslautern,1-1,1-0
2,1967-08-26,1. FC Köln,TSV 1860 München,1-0,0-0
2,1967-08-26,Bayern München,Hannover 96,1-0,0-0
2,1967-08-26,Bor. Mönchengladbach,VfB Stuttgart,1-1,0-1
2,1967-08-26,Borussia Dortmund,Alemannia Aachen,1-0,1-0
3,1967-09-02,MSV Duisburg,Borussia Neunkirchen,3-1,1-1
3,1967-09-02,VfB Stuttgart,Eintracht Braunschweig,0-0,0-0
3,1967-09-02,Hannover 96,Borussia Dortmund,2-2,1-0
3,1967-09-02,Werder Bremen,Bor. Mönchengladbach,0-4,0-1
3,1967-09-02,1. FC Kaiserslautern,Eintracht Frankfurt,1-1,1-0
3,1967-09-02,1. FC Nürnberg,Hamburger SV,4-0,2-0
3,1967-09-02,Alemannia Aachen,Karlsruher SC,2-1,0-0
3,1967-09-02,FC Schalke 04,TSV 1860 München,0-0,0-0
3,1967-09-02,Bayern München,1. FC Köln,0-3,0-0
4,1967-09-09,Borussia Neunkirchen,Alemannia Aachen,0-1,0-1
4,1967-09-09,Eintracht Braunschweig,Werder Bremen,0-3,0-1
4,1967-09-09,1. FC Köln,FC Schalke 04,7-0,1-0
4,1967-09-09,TSV 1860 München,VfB Stuttgart,3-3,2-0
4,1967-09-09,Eintracht Frankfurt,1. FC Nürnberg,1-2,1-1
4,1967-09-09,Hamburger SV,MSV Duisburg,1-3,1-2
4,1967-09-09,Bor. Mönchengladbach,1. FC Kaiserslautern,8-2,3-1
4,1967-09-09,Karlsruher SC,Hannover 96,3-1,1-1
4,1967-09-09,Borussia Dortmund,Bayern München,6-3,2-2
5,1967-09-13,Borussia Dortmund,1. FC Köln,2-0,1-0
5,1967-09-13,1. FC Kaiserslautern,Eintracht Braunschweig,2-2,1-0
5,1967-09-13,Hannover 96,Borussia Neunkirchen,2-0,1-0
5,1967-09-13,1. FC Nürnberg,Bor. Mönchengladbach,1-0,0-0
5,1967-09-13,MSV Duisburg,Eintracht Frankfurt,0-1,0-0
5,1967-09-13,Alemannia Aachen,Hamburger SV,2-0,1-0
5,1967-09-13,Werder Bremen,TSV 1860 München,2-2,2-2
5,1967-09-13,Bayern München,Karlsruher SC,3-0,1-0
5,1967-09-13,VfB Stuttgart,FC Schalke 04,2-0,0-0
6,1967-09-16,Bor. Mönchengladbach,MSV Duisburg,1-1,1-0
6,1967-09-16,1. FC Köln,VfB Stuttgart,2-2,0-2
6,1967-09-16,Karlsruher SC,Borussia Dortmund,2-0,1-0
6,1967-09-16,FC Schalke 04,Werder Bremen,0-2,0-0
6,1967-09-16,Borussia Neunkirchen,Bayern München,1-1,0-0
6,1967-09-16,TSV 1860 München,1. FC Kaiserslautern,0-3,0-0
6,1967-09-16,Eintracht Frankfurt,Alemannia Aachen,1-1,1-1
6,1967-09-16,Hamburger SV,Hannover 96,2-3,1-1
6,1967-09-16,Eintracht Braunschweig,1. FC Nürnberg,0-3,0-2
7,1967-09-22,MSV Duisburg,Eintracht Braunschweig,2-3,1-3
7,1967-09-23,Borussia Dortmund,Borussia Neunkirchen,6-0,4-0
7,1967-09-23,Karlsruher SC,1. FC Köln,0-1,0-1
7,1967-09-23,Werder Bremen,VfB Stuttgart,3-1,2-0
7,1967-09-23,1. FC Kaiserslautern,FC Schalke 04,1-0,1-0
7,1967-09-23,Bayern München,Hamburger SV,1-0,0-0
7,1967-09-23,1. FC Nürnberg,TSV 1860 München,1-1,0-0
7,1967-09-23,Alemannia Aachen,Bor. Mönchengladbach,0-0,0-0
7,1967-09-23,Hannover 96,Eintracht Frankfurt,2-1,1-1
8,1967-09-30,TSV 1860 München,MSV Duisburg,0-1,0-0
8,1967-09-30,1. FC Köln,Werder Bremen,1-4,0-1
8,1967-09-30,Borussia Neunkirchen,Karlsruher SC,3-2,2-1
8,1967-09-30,Hamburger SV,Borussia Dortmund,3-2,1-2
8,1967-09-30,FC Schalke 04,1. FC Nürnberg,0-0,0-0
8,1967-09-30,Eintracht Frankfurt,Bayern München,2-3,2-2
8,1967-09-30,Bor. Mönchengladbach,Hannover 96,5-1,4-1
8,1967-09-30,Eintracht Braunschweig,Alemannia Aachen,2-0,2-0
8,1967-10-06,VfB Stuttgart,1. FC Kaiserslautern,0-1,0-0
9,1967-10-14,Bayern München,Bor. Mönchengladbach,3-1,3-0
9,1967-10-14,MSV Duisburg,FC Schalke 04,1-1,1-0
9,1967-10-14,Hannover 96,Eintracht Braunschweig,1-1,0-1
9,1967-10-14,Borussia Dortmund,Eintracht Frankfurt,2-1,0-1
9,1967-10-14,1. FC Nürnberg,VfB Stuttgart,5-1,2-0
9,1967-10-14,Karlsruher SC,Hamburger SV,2-1,1-1
9,1967-10-14,1. FC Kaiserslautern,Werder Bremen,2-2,0-0
9,1967-10-14,Borussia Neunkirchen,1. FC Köln,2-1,0-0
9,1967-10-14,Alemannia Aachen,TSV 1860 München,3-3,1-0
10,1967-10-21,Werder Bremen,1. FC Nürnberg,0-4,0-0
10,1967-10-21,TSV 1860 München,Hannover 96,3-1,2-1
10,1967-10-21,Eintracht Braunschweig,Bayern München,1-0,0-0
10,1967-10-21,1. FC Köln,1. FC Kaiserslautern,5-0,3-0
10,1967-10-21,Hamburger SV,Borussia Neunkirchen,0-0,0-0
10,1967-10-21,Eintracht Frankfurt,Karlsruher SC,2-0,1-0
10,1967-10-21,VfB Stuttgart,MSV Duisburg,3-0,2-0
10,1967-10-21,Bor. Mönchengladbach,Borussia Dortmund,2-2,1-0
10,1967-10-21,FC Schalke 04,Alemannia Aachen,2-1,1-1
11,1967-10-28,Bayern München,TSV 1860 München,2-2,1-1
11,1967-10-28,Borussia Dortmund,Eintracht Braunschweig,0-1,0-0
11,1967-10-28,Hannover 96,FC Schalke 04,2-1,2-0
11,1967-10-28,Karlsruher SC,Bor. Mönchengladbach,3-2,3-1
11,1967-10-28,MSV Duisburg,Werder Bremen,1-1,1-0
11,1967-10-28,Borussia Neunkirchen,Eintracht Frankfurt,2-2,0-0
11,1967-10-28,1. FC Nürnberg,1. FC Kaiserslautern,4-1,3-0
11,1967-10-28,Hamburger SV,1. FC Köln,3-1,1-1
11,1967-10-28,Alemannia Aachen,VfB Stuttgart,3-2,1-1
12,1967-11-04,FC Schalke 04,Bayern München,0-1,0-0
12,1967-11-04,Eintracht Frankfurt,Hamburger SV,1-1,0-1
12,1967-11-04,Eintracht Braunschweig,Karlsruher SC,1-0,0-0
12,1967-11-04,Bor. Mönchengladbach,Borussia Neunkirchen,10-0,2-0
12,1967-11-04,VfB Stuttgart,Hannover 96,2-0,1-0
12,1967-11-04,1. FC Kaiserslautern,MSV Duisburg,0-1,0-0
12,1967-11-04,TSV 1860 München,Borussia Dortmund,3-0,2-0
12,1967-11-04,Werder Bremen,Alemannia Aachen,0-1,0-0
12,1967-11-04,1. FC Köln,1. FC Nürnberg,3-3,1-1
13,1967-11-11,Borussia Neunkirchen,Eintracht Braunschweig,1-2,1-1
13,1967-11-11,Hamburger SV,Bor. Mönchengladbach,2-3,1-3
13,1967-11-11,Borussia Dortmund,FC Schalke 04,2-1,0-0
13,1967-11-11,Bayern München,VfB Stuttgart,3-1,0-0
13,1967-11-11,Karlsruher SC,TSV 1860 München,0-3,0-1
13,1967-11-11,Alemannia Aachen,1. FC Kaiserslautern,1-1,0-0
13,1967-11-11,MSV Duisburg,1. FC Nürnberg,2-0,0-0
13,1967-11-11,Hannover 96,Werder Bremen,4-2,2-1
13,1967-11-11,Eintracht Frankfurt,1. FC Köln,1-2,0-1
14,1967-11-18,VfB Stuttgart,Borussia Dortmund,4-1,1-1
14,1967-11-18,Eintracht Braunschweig,Hamburger SV,0-1,0-1
14,1967-11-18,Bor. Mönchengladbach,Eintracht Frankfurt,1-1,1-1
14,1967-11-18,1. FC Kaiserslautern,Hannover 96,0-0,0-0
14,1967-11-18,FC Schalke 04,Karlsruher SC,2-0,1-0
14,1967-11-18,1. FC Köln,MSV Duisburg,3-0,2-0
14,1967-11-18,1. FC Nürnberg,Alemannia Aachen,4-1,3-0
14,1967-11-18,TSV 1860 München,Borussia Neunkirchen,5-0,2-0
14,1967-11-18,Werder Bremen,Bayern München,4-1,1-1
15,1967-11-25,Bayern München,1. FC Kaiserslautern,4-1,1-1
15,1967-11-25,Karlsruher SC,VfB Stuttgart,1-4,1-3
15,1967-11-25,Eintracht Frankfurt,Eintracht Braunschweig,2-0,1-0
15,1967-11-25,Hannover 96,1. FC Nürnberg,1-1,0-0
15,1967-11-25,MSV Duisburg,Alemannia Aachen,3-0,1-0
15,1967-11-25,1. FC Köln,Bor. Mönchengladbach,2-5,1-1
15,1967-11-25,Borussia Dortmund,Werder Bremen,1-1,1-1
15,1967-11-25,Hamburger SV,TSV 1860 München,2-2,0-0
15,1967-11-25,Borussia Neunkirchen,FC Schalke 04,1-5,0-1
16,1967-12-02,1. FC Kaiserslautern,Borussia Dortmund,2-2,2-1
16,1967-12-02,FC Schalke 04,Hamburger SV,3-0,3-0
16,1967-12-02,TSV 1860 München,Eintracht Frankfurt,5-0,0-0
16,1967-12-02,MSV Duisburg,Hannover 96,1-2,0-2
16,1967-12-02,Eintracht Braunschweig,Bor. Mönchengladbach,2-1,1-0
16,1967-12-02,1. FC Nürnberg,Bayern München,7-3,3-0
16,1967-12-02,Werder Bremen,Karlsruher SC,6-1,4-0
16,1967-12-02,Alemannia Aachen,1. FC Köln,4-2,2-2
16,1967-12-16,VfB Stuttgart,Borussia Neunkirchen,2-1,1-1
17,1967-12-09,Borussia Dortmund,1. FC Nürnberg,1-2,0-0
17,1967-12-09,Borussia Neunkirchen,Werder Bremen,0-0,0-0
17,1967-12-09,Eintracht Frankfurt,FC Schalke 04,2-2,1-1
17,1967-12-09,Hamburger SV,VfB Stuttgart,1-1,0-0
17,1967-12-09,Hannover 96,Alemannia Aachen,1-1,0-1
17,1967-12-09,Bayern München,MSV Duisburg,0-4,0-3
17,1967-12-09,1. FC Köln,Eintracht Braunschweig,1-0,0-0
17,1967-12-09,Bor. Mönchengladbach,TSV 1860 München,1-1,0-0
17,1967-12-09,Karlsruher SC,1. FC Kaiserslautern,2-2,1-1
18,1968-01-06,Hamburger SV,Werder Bremen,2-1,1-0
18,1968-01-06,Borussia Neunkirchen,1. FC Kaiserslautern,2-1,1-0
18,1968-01-06,Karlsruher SC,1. FC Nürnberg,1-1,0-0
18,1968-01-06,1. FC Köln,Hannover 96,2-1,1-0
18,1968-01-06,Bor. Mönchengladbach,FC Schalke 04,1-6,0-2
18,1968-01-06,Borussia Dortmund,MSV Duisburg,4-3,4-1
18,1968-01-06,Bayern München,Alemannia Aachen,4-1,2-1
18,1968-04-03,Eintracht Frankfurt,VfB Stuttgart,4-0,2-0
18,1968-04-03,Eintracht Braunschweig,TSV 1860 München,0-1,0-0
19,1968-01-13,TSV 1860 München,1. FC Köln,0-1,0-1
19,1968-01-13,1. FC Nürnberg,Borussia Neunkirchen,3-0,0-0
19,1968-01-13,FC Schalke 04,Eintracht Braunschweig,0-2,0-0
19,1968-01-13,Hannover 96,Bayern München,2-1,1-0
19,1968-01-13,VfB Stuttgart,Bor. Mönchengladbach,1-3,1-3
19,1968-01-13,MSV Duisburg,Karlsruher SC,2-1,2-0
19,1968-01-13,Werder Bremen,Eintracht Frankfurt,2-0,2-0
19,1968-01-13,Alemannia Aachen,Borussia Dortmund,3-0,1-0
19,1968-02-24,1. FC Kaiserslautern,Hamburger SV,3-3,2-1
20,1968-01-20,Eintracht Frankfurt,1. FC Kaiserslautern,5-2,3-0
20,1968-01-20,Bor. Mönchengladbach,Werder Bremen,3-1,1-1
20,1968-01-20,Borussia Dortmund,Hannover 96,3-1,2-0
20,1968-01-20,Hamburger SV,1. FC Nürnberg,3-1,2-0
20,1968-01-20,Borussia Neunkirchen,MSV Duisburg,2-1,2-0
20,1968-01-20,Karlsruher SC,Alemannia Aachen,2-4,1-1
20,1968-01-20,Eintracht Braunschweig,VfB Stuttgart,2-1,1-1
20,1968-01-20,TSV 1860 München,FC Schalke 04,1-2,0-0
20,1968-01-20,1. FC Köln,Bayern München,3-3,2-2
21,1968-02-03,Alemannia Aachen,Borussia Neunkirchen,5-1,2-0
21,1968-02-03,FC Schalke 04,1. FC Köln,1-1,1-1
21,1968-02-03,VfB Stuttgart,TSV 1860 München,2-1,1-0
21,1968-02-03,Werder Bremen,Eintracht Braunschweig,3-2,1-1
21,1968-02-03,Hannover 96,Karlsruher SC,2-0,0-0
21,1968-02-03,1. FC Kaiserslautern,Bor. Mönchengladbach,0-1,0-0
21,1968-02-03,MSV Duisburg,Hamburger SV,1-2,0-0
21,1968-02-03,1. FC Nürnberg,Eintracht Frankfurt,0-2,0-1
21,1968-04-02,Bayern München,Borussia Dortmund,2-0,2-0
22,1968-02-10,Karlsruher SC,Bayern München,0-2,0-0
22,1968-02-10,Eintracht Frankfurt,MSV Duisburg,3-2,1-0
22,1968-02-10,Borussia Neunkirchen,Hannover 96,3-1,1-0
22,1968-02-10,Eintracht Braunschweig,1. FC Kaiserslautern,1-0,0-0
22,1968-02-10,1. FC Köln,Borussia Dortmund,3-0,0-0
22,1968-02-10,FC Schalke 04,VfB Stuttgart,2-1,1-1
22,1968-02-10,Bor. Mönchengladbach,1. FC Nürnberg,1-1,0-1
22,1968-02-10,Hamburger SV,Alemannia Aachen,5-1,1-0
22,1968-02-10,TSV 1860 München,Werder Bremen,1-3,1-2
23,1968-02-17,1. FC Nürnberg,Eintracht Braunschweig,3-1,0-1
23,1968-02-17,Hannover 96,Hamburger SV,2-2,0-2
23,1968-02-17,MSV Duisburg,Bor. Mönchengladbach,2-2,0-2
23,1968-02-17,Alemannia Aachen,Eintracht Frankfurt,2-1,2-0
23,1968-02-17,1. FC Kaiserslautern,TSV 1860 München,0-0,0-0
23,1968-02-17,Bayern München,Borussia Neunkirchen,4-0,1-0
23,1968-02-17,Werder Bremen,FC Schalke 04,2-0,1-0
23,1968-02-17,Borussia Dortmund,Karlsruher SC,5-0,2-0
23,1968-02-17,VfB Stuttgart,1. FC Köln,2-0,2-0
24,1968-03-02,FC Schalke 04,1. FC Kaiserslautern,2-1,1-0
24,1968-03-02,Eintracht Braunschweig,MSV Duisburg,3-0,2-0
24,1968-03-02,Bor. Mönchengladbach,Alemannia Aachen,3-0,2-0
24,1968-03-02,Eintracht Frankfurt,Hannover 96,3-0,1-0
24,1968-03-02,TSV 1860 München,1. FC Nürnberg,1-2,0-1
24,1968-03-02,Hamburger SV,Bayern München,2-1,1-0
24,1968-03-02,Borussia Neunkirchen,Borussia Dortmund,3-2,1-0
24,1968-03-02,VfB Stuttgart,Werder Bremen,0-3,0-1
24,1968-03-02,1. FC Köln,Karlsruher SC,4-0,1-0
25,1968-03-09,1. FC Kaiserslautern,VfB Stuttgart,2-0,0-0
25,1968-03-09,Karlsruher SC,Borussia Neunkirchen,5-1,4-0
25,1968-03-09,Werder Bremen,1. FC Köln,3-1,2-0
25,1968-03-09,Alemannia Aachen,Eintracht Braunschweig,2-1,0-1
25,1968-03-09,1. FC Nürnberg,FC Schalke 04,2-3,2-2
25,1968-03-09,Borussia Dortmund,Hamburger SV,2-2,1-0
25,1968-03-09,Hannover 96,Bor. Mönchengladbach,1-1,1-0
25,1968-03-09,Bayern München,Eintracht Frankfurt,3-0,0-0
25,1968-03-09,MSV Duisburg,TSV 1860 München,2-1,2-0
26,1968-03-16,TSV 1860 München,Alemannia Aachen,6-0,3-0
26,1968-03-16,FC Schalke 04,MSV Duisburg,0-3,0-2
26,1968-03-16,Eintracht Braunschweig,Hannover 96,0-1,0-0
26,1968-03-16,Werder Bremen,1. FC Kaiserslautern,2-1,1-0
26,1968-03-16,Hamburger SV,Karlsruher SC,0-0,0-0
26,1968-03-16,VfB Stuttgart,1. FC Nürnberg,1-1,1-1
26,1968-03-16,Eintracht Frankfurt,Borussia Dortmund,4-1,2-1
26,1968-03-16,1. FC Köln,Borussia Neunkirchen,2-1,1-0
26,1968-03-16,Bor. Mönchengladbach,Bayern München,1-1,1-1
27,1968-03-23,MSV Duisburg,VfB Stuttgart,3-3,3-1
27,1968-03-23,1. FC Nürnberg,Werder Bremen,0-0,0-0
27,1968-03-23,Karlsruher SC,Eintracht Frankfurt,0-1,0-0
27,1968-03-23,Borussia Neunkirchen,Hamburger SV,0-3,0-2
27,1968-03-23,Borussia Dortmund,Bor. Mönchengladbach,3-1,1-1
27,1968-03-23,Hannover 96,TSV 1860 München,1-2,0-0
27,1968-03-23,Bayern München,Eintracht Braunschweig,3-0,0-0
27,1968-03-23,Alemannia Aachen,FC Schalke 04,2-1,1-0
27,1968-03-23,1. FC Kaiserslautern,1. FC Köln,2-1,0-0
28,1968-03-30,Eintracht Frankfurt,Borussia Neunkirchen,4-1,1-1
28,1968-03-30,Werder Bremen,MSV Duisburg,3-3,1-1
28,1968-03-30,Eintracht Braunschweig,Borussia Dortmund,2-0,0-0
28,1968-03-30,Bor. Mönchengladbach,Karlsruher SC,0-0,0-0
28,1968-03-30,FC Schalke 04,Hannover 96,1-1,0-1
28,1968-03-30,1. FC Köln,Hamburger SV,2-1,0-0
28,1968-03-30,1. FC Kaiserslautern,1. FC Nürnberg,1-0,1-0
28,1968-03-30,TSV 1860 München,Bayern München,3-2,2-0
28,1968-03-30,VfB Stuttgart,Alemannia Aachen,4-1,1-0
29,1968-04-05,Alemannia Aachen,Werder Bremen,1-1,1-0
29,1968-04-06,Borussia Dortmund,TSV 1860 München,0-0,0-0
29,1968-04-06,Hamburger SV,Eintracht Frankfurt,0-1,0-0
29,1968-04-06,1. FC Nürnberg,1. FC Köln,2-1,1-0
29,1968-04-06,Bayern München,FC Schalke 04,2-0,0-0
29,1968-04-06,MSV Duisburg,1. FC Kaiserslautern,7-0,4-0
29,1968-04-06,Hannover 96,VfB Stuttgart,2-1,1-1
29,1968-04-06,Borussia Neunkirchen,Bor. Mönchengladbach,0-3,0-1
29,1968-04-06,Karlsruher SC,Eintracht Braunschweig,1-2,1-1
30,1968-04-20,Werder Bremen,Hannover 96,1-0,0-0
30,1968-04-20,Bor. Mönchengladbach,Hamburger SV,4-1,1-0
30,1968-04-20,1. FC Nürnberg,MSV Duisburg,4-1,4-0
30,1968-04-20,Eintracht Braunschweig,Borussia Neunkirchen,4-2,2-0
30,1968-04-20,VfB Stuttgart,Bayern München,3-0,1-0
30,1968-04-20,1. FC Köln,Eintracht Frankfurt,5-1,3-0
30,1968-04-20,TSV 1860 München,Karlsruher SC,3-0,2-0
30,1968-04-20,FC Schalke 04,Borussia Dortmund,1-0,1-0
30,1968-04-20,1. FC Kaiserslautern,Alemannia Aachen,1-0,1-0
31,1968-04-26,MSV Duisburg,1. FC Köln,3-2,1-0
31,1968-04-27,Borussia Dortmund,VfB Stuttgart,2-1,0-1
31,1968-04-27,Hannover 96,1. FC Kaiserslautern,2-0,2-0
31,1968-04-27,Borussia Neunkirchen,TSV 1860 München,1-0,1-0
31,1968-04-27,Bayern München,Werder Bremen,2-3,0-1
31,1968-04-27,Karlsruher SC,FC Schalke 04,1-0,0-0
31,1968-04-27,Eintracht Frankfurt,Bor. Mönchengladbach,3-1,0-1
31,1968-04-27,Alemannia Aachen,1. FC Nürnberg,2-0,2-0
31,1968-04-27,Hamburger SV,Eintracht Braunschweig,0-0,0-0
32,1968-05-11,1. FC Kaiserslautern,Bayern München,2-2,1-1
32,1968-05-11,Bor. Mönchengladbach,1. FC Köln,1-0,1-0
32,1968-05-11,Alemannia Aachen,MSV Duisburg,4-4,3-2
32,1968-05-11,Eintracht Braunschweig,Eintracht Frankfurt,0-0,0-0
32,1968-05-11,1. FC Nürnberg,Hannover 96,2-1,1-0
32,1968-05-11,VfB Stuttgart,Karlsruher SC,3-2,1-1
32,1968-05-11,Werder Bremen,Borussia Dortmund,2-1,0-1
32,1968-05-11,FC Schalke 04,Borussia Neunkirchen,2-0,1-0
32,1968-05-11,TSV 1860 München,Hamburger SV,0-1,0-0
33,1968-05-18,Bor. Mönchengladbach,Eintracht Braunschweig,2-0,1-0
33,1968-05-18,Eintracht Frankfurt,TSV 1860 München,2-1,2-1
33,1968-05-18,Bayern München,1. FC Nürnberg,0-2,0-2
33,1968-05-18,Hamburger SV,FC Schalke 04,1-1,0-0
33,1968-05-18,Hannover 96,MSV Duisburg,2-2,0-1
33,1968-05-18,1. FC Köln,Alemannia Aachen,3-1,2-0
33,1968-05-18,Karlsruher SC,Werder Bremen,1-2,1-2
33,1968-05-18,Borussia Neunkirchen,VfB Stuttgart,0-5,0-2
33,1968-05-18,Borussia Dortmund,1. FC Kaiserslautern,4-0,1-0
34,1968-05-25,FC Schalke 04,Eintracht Frankfurt,0-0,0-0
34,1968-05-25,MSV Duisburg,Bayern München,3-3,2-2
34,1968-05-25,TSV 1860 München,Bor. Mönchengladbach,0-0,0-0
34,1968-05-25,1. FC Nürnberg,Borussia Dortmund,2-1,1-1
34,1968-05-25,1. FC Kaiserslautern,Karlsruher SC,1-1,0-1
34,1968-05-25,Werder Bremen,Borussia Neunkirchen,2-1,2-0
34,1968-05-25,Alemannia Aachen,Hannover 96,2-2,1-1
34,1968-05-25,Eintracht Braunschweig,1. FC Köln,1-2,1-2
34,1968-05-28,VfB Stuttgart,Hamburger SV,4-1,3-0
