Round,Date,Team 1,Team 2,FT,HT
1,1989-07-28,1. FC Kaiserslautern,Bor. Mönchengladbach,2-1,2-0
1,1989-07-28,Bayer 05 Uerdingen,FC 08 Homburg,3-0,3-0
1,1989-07-29,FC St. Pauli,Werder Bremen,0-0,0-0
1,1989-07-29,Bayer Leverkusen,Borussia Dortmund,1-0,0-0
1,1989-07-29,Bayern München,1. FC Nürnberg,3-2,1-1
1,1989-07-29,VfB Stuttgart,Karlsruher SC,2-0,2-0
1,1989-07-29,VfL Bochum,1. FC Köln,0-1,0-0
1,1989-07-29,Eintracht Frankfurt,Waldhof Mannheim,3-1,1-1
1,1989-07-29,Fortuna Düsseldorf,Hamburger SV,1-1,0-0
2,1989-08-04,Borussia Dortmund,FC St. Pauli,3-1,2-1
2,1989-08-04,Hamburger SV,Eintracht Frankfurt,1-1,0-1
2,1989-08-05,Karlsruher SC,Bayer 05 Uerdingen,0-0,0-0
2,1989-08-05,FC 08 Homburg,1. FC Kaiserslautern,2-2,1-1
2,1989-08-05,Bor. Mönchengladbach,Bayern München,0-0,0-0
2,1989-08-05,1. FC Nürnberg,Bayer Leverkusen,2-2,1-1
2,1989-08-05,Werder Bremen,Fortuna Düsseldorf,2-2,1-1
2,1989-08-05,Waldhof Mannheim,VfL Bochum,3-2,2-1
2,1989-08-09,1. FC Köln,VfB Stuttgart,0-0,0-0
3,1989-08-08,Fortuna Düsseldorf,Eintracht Frankfurt,1-2,0-1
3,1989-08-09,Bayern München,FC 08 Homburg,1-0,0-0
3,1989-08-11,1. FC Kaiserslautern,Karlsruher SC,5-1,1-0
3,1989-08-12,FC St. Pauli,1. FC Nürnberg,0-1,0-0
3,1989-08-12,Bayer Leverkusen,Bor. Mönchengladbach,0-0,0-0
3,1989-08-12,Bayer 05 Uerdingen,1. FC Köln,2-3,0-1
3,1989-08-12,VfB Stuttgart,Waldhof Mannheim,1-0,0-0
3,1989-08-12,VfL Bochum,Hamburger SV,3-1,1-0
3,1989-08-12,Werder Bremen,Borussia Dortmund,2-0,2-0
4,1989-08-15,FC 08 Homburg,Bayer Leverkusen,2-1,1-0
4,1989-08-15,Bor. Mönchengladbach,FC St. Pauli,4-1,0-0
4,1989-08-15,1. FC Nürnberg,Werder Bremen,1-1,1-1
4,1989-08-15,Waldhof Mannheim,Bayer 05 Uerdingen,1-1,0-0
4,1989-08-16,Hamburger SV,VfB Stuttgart,1-0,0-0
4,1989-08-16,1. FC Köln,1. FC Kaiserslautern,4-1,0-0
4,1989-08-16,Karlsruher SC,Bayern München,3-3,2-3
4,1989-08-16,Borussia Dortmund,Fortuna Düsseldorf,1-0,0-0
4,1989-08-16,Eintracht Frankfurt,VfL Bochum,4-0,2-0
5,1989-08-22,FC St. Pauli,FC 08 Homburg,1-1,0-0
5,1989-08-22,Borussia Dortmund,1. FC Nürnberg,2-1,1-1
5,1989-08-22,Werder Bremen,Bor. Mönchengladbach,0-0,0-0
5,1989-08-23,Bayer Leverkusen,Karlsruher SC,1-1,1-0
5,1989-08-23,Bayern München,1. FC Köln,5-1,2-0
5,1989-08-23,1. FC Kaiserslautern,Waldhof Mannheim,2-3,1-3
5,1989-08-23,Bayer 05 Uerdingen,Hamburger SV,5-2,3-1
5,1989-08-23,VfB Stuttgart,Eintracht Frankfurt,1-1,1-0
5,1989-08-23,Fortuna Düsseldorf,VfL Bochum,2-2,0-1
6,1989-08-26,Hamburger SV,1. FC Kaiserslautern,3-0,1-0
6,1989-08-26,1. FC Köln,Bayer Leverkusen,1-1,1-0
6,1989-08-26,Karlsruher SC,FC St. Pauli,0-0,0-0
6,1989-08-26,FC 08 Homburg,Werder Bremen,1-1,1-0
6,1989-08-26,Bor. Mönchengladbach,Borussia Dortmund,0-0,0-0
6,1989-08-26,1. FC Nürnberg,Fortuna Düsseldorf,3-0,0-0
6,1989-08-26,VfL Bochum,VfB Stuttgart,2-0,2-0
6,1989-08-26,Eintracht Frankfurt,Bayer 05 Uerdingen,2-1,0-0
6,1989-08-26,Waldhof Mannheim,Bayern München,1-0,0-0
7,1989-08-31,Bayern München,Hamburger SV,4-0,2-0
7,1989-09-01,Bayer 05 Uerdingen,VfL Bochum,3-1,2-0
7,1989-09-01,Werder Bremen,Karlsruher SC,4-0,2-0
7,1989-09-02,FC St. Pauli,1. FC Köln,1-1,0-0
7,1989-09-02,Bayer Leverkusen,Waldhof Mannheim,3-0,1-0
7,1989-09-02,1. FC Kaiserslautern,Eintracht Frankfurt,2-1,1-0
7,1989-09-02,1. FC Nürnberg,Bor. Mönchengladbach,2-0,0-0
7,1989-09-02,Borussia Dortmund,FC 08 Homburg,3-0,1-0
7,1989-09-02,Fortuna Düsseldorf,VfB Stuttgart,4-2,2-0
8,1989-09-08,Bor. Mönchengladbach,Fortuna Düsseldorf,3-1,1-0
8,1989-09-09,Hamburger SV,Bayer Leverkusen,0-1,0-1
8,1989-09-09,1. FC Köln,Werder Bremen,4-2,2-0
8,1989-09-09,Karlsruher SC,Borussia Dortmund,2-1,0-0
8,1989-09-09,FC 08 Homburg,1. FC Nürnberg,0-1,0-0
8,1989-09-09,VfB Stuttgart,Bayer 05 Uerdingen,1-0,1-0
8,1989-09-09,VfL Bochum,1. FC Kaiserslautern,2-0,0-0
8,1989-09-09,Eintracht Frankfurt,Bayern München,1-2,0-1
8,1989-09-09,Waldhof Mannheim,FC St. Pauli,0-1,0-0
9,1989-09-15,Bor. Mönchengladbach,FC 08 Homburg,0-0,0-0
9,1989-09-15,Bayer Leverkusen,Eintracht Frankfurt,2-0,2-0
9,1989-09-16,FC St. Pauli,Hamburger SV,0-0,0-0
9,1989-09-16,Bayern München,VfL Bochum,5-1,2-0
9,1989-09-16,1. FC Kaiserslautern,VfB Stuttgart,1-2,0-1
9,1989-09-16,1. FC Nürnberg,Karlsruher SC,2-0,1-0
9,1989-09-16,Borussia Dortmund,1. FC Köln,0-0,0-0
9,1989-09-16,Werder Bremen,Waldhof Mannheim,0-1,0-0
9,1989-09-16,Fortuna Düsseldorf,Bayer 05 Uerdingen,2-1,0-0
10,1989-09-19,FC 08 Homburg,Fortuna Düsseldorf,1-0,1-0
10,1989-09-19,Karlsruher SC,Bor. Mönchengladbach,0-1,0-1
10,1989-09-19,Bayer 05 Uerdingen,1. FC Kaiserslautern,3-2,3-0
10,1989-09-19,Eintracht Frankfurt,FC St. Pauli,4-1,3-0
10,1989-09-20,Waldhof Mannheim,Borussia Dortmund,2-1,1-0
10,1989-09-20,Hamburger SV,Werder Bremen,4-0,2-0
10,1989-09-20,1. FC Köln,1. FC Nürnberg,2-1,0-0
10,1989-09-20,VfB Stuttgart,Bayern München,2-1,1-0
10,1989-09-20,VfL Bochum,Bayer Leverkusen,0-2,0-0
11,1989-09-29,FC St. Pauli,VfL Bochum,2-0,1-0
11,1989-09-30,Bayer Leverkusen,VfB Stuttgart,1-1,1-0
11,1989-09-30,Bayern München,Bayer 05 Uerdingen,3-0,1-0
11,1989-09-30,FC 08 Homburg,Karlsruher SC,2-0,0-0
11,1989-09-30,Bor. Mönchengladbach,1. FC Köln,0-2,0-0
11,1989-09-30,1. FC Nürnberg,Waldhof Mannheim,2-0,1-0
11,1989-09-30,Borussia Dortmund,Hamburger SV,1-0,1-0
11,1989-09-30,Werder Bremen,Eintracht Frankfurt,1-2,0-1
11,1989-09-30,Fortuna Düsseldorf,1. FC Kaiserslautern,1-1,1-1
12,1989-10-07,Waldhof Mannheim,Bor. Mönchengladbach,4-2,2-0
12,1989-10-07,Hamburger SV,1. FC Nürnberg,1-0,0-0
12,1989-10-07,1. FC Köln,FC 08 Homburg,1-0,0-0
12,1989-10-07,Karlsruher SC,Fortuna Düsseldorf,2-2,1-0
12,1989-10-07,1. FC Kaiserslautern,Bayern München,0-0,0-0
12,1989-10-07,Bayer 05 Uerdingen,Bayer Leverkusen,0-2,0-0
12,1989-10-07,VfB Stuttgart,FC St. Pauli,4-0,2-0
12,1989-10-07,VfL Bochum,Werder Bremen,0-0,0-0
12,1989-10-07,Eintracht Frankfurt,Borussia Dortmund,0-2,0-1
13,1989-10-13,Bor. Mönchengladbach,Hamburger SV,1-3,1-1
13,1989-10-13,Borussia Dortmund,VfL Bochum,0-1,0-0
13,1989-10-13,Werder Bremen,VfB Stuttgart,6-1,2-1
13,1989-10-14,FC 08 Homburg,Waldhof Mannheim,2-1,1-1
13,1989-10-14,FC St. Pauli,Bayer 05 Uerdingen,1-1,1-1
13,1989-10-14,Bayer Leverkusen,1. FC Kaiserslautern,1-1,1-1
13,1989-10-14,Karlsruher SC,1. FC Köln,0-0,0-0
13,1989-10-14,1. FC Nürnberg,Eintracht Frankfurt,1-1,1-0
13,1989-10-14,Fortuna Düsseldorf,Bayern München,1-2,0-2
14,1989-10-20,1. FC Kaiserslautern,FC St. Pauli,1-1,1-0
14,1989-10-21,Waldhof Mannheim,Karlsruher SC,0-1,0-0
14,1989-10-21,Hamburger SV,FC 08 Homburg,2-0,0-0
14,1989-10-21,1. FC Köln,Fortuna Düsseldorf,1-3,1-0
14,1989-10-21,Bayern München,Bayer Leverkusen,0-1,0-1
14,1989-10-21,Bayer 05 Uerdingen,Werder Bremen,0-1,0-0
14,1989-10-21,VfB Stuttgart,Borussia Dortmund,3-1,1-1
14,1989-10-21,VfL Bochum,1. FC Nürnberg,3-3,2-0
14,1989-10-21,Eintracht Frankfurt,Bor. Mönchengladbach,3-0,0-0
15,1989-10-27,FC St. Pauli,Bayern München,0-2,0-0
15,1989-10-27,Werder Bremen,1. FC Kaiserslautern,4-0,1-0
15,1989-10-28,FC 08 Homburg,Eintracht Frankfurt,2-3,0-0
15,1989-10-28,Bayer Leverkusen,Fortuna Düsseldorf,3-3,1-0
15,1989-10-28,Karlsruher SC,Hamburger SV,2-0,0-0
15,1989-10-28,Bor. Mönchengladbach,VfL Bochum,1-2,0-1
15,1989-10-28,1. FC Nürnberg,VfB Stuttgart,0-2,0-1
15,1989-10-28,Borussia Dortmund,Bayer 05 Uerdingen,1-0,1-0
15,1989-10-28,Waldhof Mannheim,1. FC Köln,2-3,1-3
16,1989-11-03,VfL Bochum,FC 08 Homburg,1-0,0-0
16,1989-11-03,Fortuna Düsseldorf,Waldhof Mannheim,0-0,0-0
16,1989-11-03,Bayer Leverkusen,FC St. Pauli,1-1,1-1
16,1989-11-04,Bayern München,Werder Bremen,1-1,0-0
16,1989-11-04,1. FC Kaiserslautern,Borussia Dortmund,2-2,1-1
16,1989-11-04,Bayer 05 Uerdingen,1. FC Nürnberg,3-3,2-2
16,1989-11-04,VfB Stuttgart,Bor. Mönchengladbach,4-0,1-0
16,1989-11-04,Eintracht Frankfurt,Karlsruher SC,1-1,1-0
16,1989-11-04,Hamburger SV,1. FC Köln,0-2,0-1
17,1989-11-17,FC St. Pauli,Fortuna Düsseldorf,1-0,1-0
17,1989-11-17,1. FC Nürnberg,1. FC Kaiserslautern,0-0,0-0
17,1989-11-18,FC 08 Homburg,VfB Stuttgart,4-2,1-0
17,1989-11-18,Waldhof Mannheim,Hamburger SV,4-1,1-0
17,1989-11-18,1. FC Köln,Eintracht Frankfurt,3-5,2-2
17,1989-11-18,Karlsruher SC,VfL Bochum,2-0,2-0
17,1989-11-18,Bor. Mönchengladbach,Bayer 05 Uerdingen,0-1,0-1
17,1989-11-18,Borussia Dortmund,Bayern München,2-2,0-2
17,1989-11-18,Werder Bremen,Bayer Leverkusen,0-0,0-0
18,1989-11-23,Borussia Dortmund,Bayer Leverkusen,1-1,1-1
18,1989-11-25,FC 08 Homburg,Bayer 05 Uerdingen,1-2,0-0
18,1989-11-25,Waldhof Mannheim,Eintracht Frankfurt,1-1,0-1
18,1989-11-25,Werder Bremen,FC St. Pauli,2-1,1-1
18,1989-11-25,1. FC Nürnberg,Bayern München,4-0,1-0
18,1989-11-25,Bor. Mönchengladbach,1. FC Kaiserslautern,3-1,0-0
18,1989-11-25,Karlsruher SC,VfB Stuttgart,1-0,1-0
18,1989-11-25,1. FC Köln,VfL Bochum,2-0,1-0
18,1989-11-25,Hamburger SV,Fortuna Düsseldorf,1-0,0-0
19,1989-11-30,FC St. Pauli,Borussia Dortmund,2-1,0-1
19,1989-12-01,Bayer Leverkusen,1. FC Nürnberg,2-0,2-0
19,1989-12-01,VfL Bochum,Waldhof Mannheim,2-0,1-0
19,1989-12-02,Eintracht Frankfurt,Hamburger SV,2-0,1-0
19,1989-12-02,VfB Stuttgart,1. FC Köln,3-1,1-0
19,1989-12-02,Bayer 05 Uerdingen,Karlsruher SC,1-0,1-0
19,1989-12-02,1. FC Kaiserslautern,FC 08 Homburg,3-1,1-0
19,1989-12-02,Bayern München,Bor. Mönchengladbach,2-0,1-0
19,1989-12-02,Fortuna Düsseldorf,Werder Bremen,2-1,1-0
20,1989-12-08,Bor. Mönchengladbach,Bayer Leverkusen,1-1,1-0
20,1989-12-09,FC 08 Homburg,Bayern München,1-3,1-1
20,1989-12-09,Waldhof Mannheim,VfB Stuttgart,2-1,1-1
20,1989-12-09,1. FC Nürnberg,FC St. Pauli,0-1,0-1
20,1989-12-09,Karlsruher SC,1. FC Kaiserslautern,0-0,0-0
20,1989-12-09,1. FC Köln,Bayer 05 Uerdingen,0-1,0-1
20,1989-12-09,Hamburger SV,VfL Bochum,1-4,0-4
20,1989-12-09,Borussia Dortmund,Werder Bremen,4-1,3-0
20,1989-12-09,Eintracht Frankfurt,Fortuna Düsseldorf,2-0,0-0
21,1989-12-14,VfL Bochum,Eintracht Frankfurt,2-2,0-2
21,1989-12-15,Fortuna Düsseldorf,Borussia Dortmund,1-1,0-0
21,1989-12-16,Bayern München,Karlsruher SC,4-1,1-1
21,1989-12-16,VfB Stuttgart,Hamburger SV,3-0,2-0
21,1989-12-16,1. FC Kaiserslautern,1. FC Köln,1-2,0-1
21,1989-12-16,FC St. Pauli,Bor. Mönchengladbach,2-1,1-1
21,1989-12-16,Werder Bremen,1. FC Nürnberg,4-0,2-0
21,1989-12-16,Bayer 05 Uerdingen,Waldhof Mannheim,0-2,0-1
21,1990-02-17,Bayer Leverkusen,FC 08 Homburg,3-1,2-0
22,1990-02-23,FC 08 Homburg,FC St. Pauli,0-2,0-0
22,1990-02-23,1. FC Köln,Bayern München,1-1,1-0
22,1990-02-24,Waldhof Mannheim,1. FC Kaiserslautern,4-0,4-0
22,1990-02-24,Karlsruher SC,Bayer Leverkusen,2-1,0-1
22,1990-02-24,Hamburger SV,Bayer 05 Uerdingen,6-0,4-0
22,1990-02-24,Eintracht Frankfurt,VfB Stuttgart,5-1,1-0
22,1990-02-24,Bor. Mönchengladbach,Werder Bremen,4-0,3-0
22,1990-02-24,VfL Bochum,Fortuna Düsseldorf,1-2,0-1
22,1990-04-16,1. FC Nürnberg,Borussia Dortmund,1-3,1-2
23,1990-03-02,FC St. Pauli,Karlsruher SC,1-1,0-0
23,1990-03-02,Werder Bremen,FC 08 Homburg,0-0,0-0
23,1990-03-03,1. FC Kaiserslautern,Hamburger SV,1-3,0-1
23,1990-03-03,Bayer Leverkusen,1. FC Köln,0-2,0-2
23,1990-03-03,Borussia Dortmund,Bor. Mönchengladbach,3-0,2-0
23,1990-03-03,Fortuna Düsseldorf,1. FC Nürnberg,0-0,0-0
23,1990-03-03,VfB Stuttgart,VfL Bochum,1-0,0-0
23,1990-03-03,Bayer 05 Uerdingen,Eintracht Frankfurt,1-1,0-0
23,1990-03-03,Bayern München,Waldhof Mannheim,2-0,2-0
24,1990-03-09,FC 08 Homburg,Borussia Dortmund,3-3,1-0
24,1990-03-09,Bor. Mönchengladbach,1. FC Nürnberg,3-0,3-0
24,1990-03-10,1. FC Köln,FC St. Pauli,1-0,0-0
24,1990-03-10,Waldhof Mannheim,Bayer Leverkusen,1-1,1-1
24,1990-03-10,Hamburger SV,Bayern München,0-3,0-1
24,1990-03-10,Eintracht Frankfurt,1. FC Kaiserslautern,1-1,0-1
24,1990-03-10,VfL Bochum,Bayer 05 Uerdingen,2-1,2-1
24,1990-03-10,Karlsruher SC,Werder Bremen,2-1,1-0
24,1990-03-10,VfB Stuttgart,Fortuna Düsseldorf,4-0,3-0
25,1990-03-15,FC St. Pauli,Waldhof Mannheim,2-1,0-0
25,1990-03-16,Werder Bremen,1. FC Köln,4-0,3-0
25,1990-03-17,Bayer Leverkusen,Hamburger SV,1-0,0-0
25,1990-03-17,Borussia Dortmund,Karlsruher SC,2-0,1-0
25,1990-03-17,1. FC Nürnberg,FC 08 Homburg,2-0,2-0
25,1990-03-17,Fortuna Düsseldorf,Bor. Mönchengladbach,0-1,0-0
25,1990-03-17,Bayer 05 Uerdingen,VfB Stuttgart,4-1,1-0
25,1990-03-17,Bayern München,Eintracht Frankfurt,1-0,0-0
25,1990-03-17,1. FC Kaiserslautern,VfL Bochum,2-1,0-1
26,1990-03-23,Eintracht Frankfurt,Bayer Leverkusen,0-3,0-0
26,1990-03-23,FC 08 Homburg,Bor. Mönchengladbach,1-3,0-2
26,1990-03-24,Hamburger SV,FC St. Pauli,0-0,0-0
26,1990-03-24,VfL Bochum,Bayern München,0-0,0-0
26,1990-03-24,VfB Stuttgart,1. FC Kaiserslautern,0-1,0-1
26,1990-03-24,Karlsruher SC,1. FC Nürnberg,0-0,0-0
26,1990-03-24,1. FC Köln,Borussia Dortmund,1-1,0-1
26,1990-03-24,Waldhof Mannheim,Werder Bremen,0-0,0-0
26,1990-03-24,Bayer 05 Uerdingen,Fortuna Düsseldorf,0-1,0-1
27,1990-03-30,Fortuna Düsseldorf,FC 08 Homburg,1-0,1-0
27,1990-03-30,Borussia Dortmund,Waldhof Mannheim,2-0,1-0
27,1990-03-31,Werder Bremen,Hamburger SV,2-1,2-1
27,1990-03-31,1. FC Nürnberg,1. FC Köln,1-1,1-1
27,1990-03-31,Bor. Mönchengladbach,Karlsruher SC,0-0,0-0
27,1990-03-31,1. FC Kaiserslautern,Bayer 05 Uerdingen,2-1,1-1
27,1990-03-31,Bayern München,VfB Stuttgart,3-1,1-1
27,1990-03-31,Bayer Leverkusen,VfL Bochum,2-1,1-1
27,1990-03-31,FC St. Pauli,Eintracht Frankfurt,2-2,1-1
28,1990-04-06,VfL Bochum,FC St. Pauli,3-3,1-3
28,1990-04-06,1. FC Kaiserslautern,Fortuna Düsseldorf,1-0,1-0
28,1990-04-07,VfB Stuttgart,Bayer Leverkusen,0-0,0-0
28,1990-04-07,Bayer 05 Uerdingen,Bayern München,2-2,0-1
28,1990-04-07,Karlsruher SC,FC 08 Homburg,0-2,0-1
28,1990-04-07,1. FC Köln,Bor. Mönchengladbach,3-0,1-0
28,1990-04-07,Waldhof Mannheim,1. FC Nürnberg,1-1,0-1
28,1990-04-07,Hamburger SV,Borussia Dortmund,1-1,1-1
28,1990-04-07,Eintracht Frankfurt,Werder Bremen,1-0,0-0
29,1990-04-11,Borussia Dortmund,Eintracht Frankfurt,0-0,0-0
29,1990-04-12,FC St. Pauli,VfB Stuttgart,0-0,0-0
29,1990-04-12,1. FC Nürnberg,Hamburger SV,2-0,1-0
29,1990-04-12,FC 08 Homburg,1. FC Köln,0-1,0-0
29,1990-04-12,Fortuna Düsseldorf,Karlsruher SC,0-0,0-0
29,1990-04-12,Bayern München,1. FC Kaiserslautern,3-0,2-0
29,1990-04-12,Bayer Leverkusen,Bayer 05 Uerdingen,1-1,0-1
29,1990-04-12,Werder Bremen,VfL Bochum,1-1,0-1
29,1990-04-12,Bor. Mönchengladbach,Waldhof Mannheim,2-0,1-0
30,1990-04-20,Bayer 05 Uerdingen,FC St. Pauli,1-0,1-0
30,1990-04-20,1. FC Kaiserslautern,Bayer Leverkusen,2-0,1-0
30,1990-04-21,1. FC Köln,Karlsruher SC,0-5,0-2
30,1990-04-21,Waldhof Mannheim,FC 08 Homburg,1-2,0-1
30,1990-04-21,Hamburger SV,Bor. Mönchengladbach,3-0,1-0
30,1990-04-21,Eintracht Frankfurt,1. FC Nürnberg,5-1,2-1
30,1990-04-21,VfL Bochum,Borussia Dortmund,2-3,0-1
30,1990-04-21,VfB Stuttgart,Werder Bremen,3-1,2-0
30,1990-04-21,Bayern München,Fortuna Düsseldorf,0-0,0-0
31,1990-04-27,FC St. Pauli,1. FC Kaiserslautern,0-2,0-0
31,1990-04-27,FC 08 Homburg,Hamburger SV,0-1,0-0
31,1990-04-28,Bayer Leverkusen,Bayern München,0-0,0-0
31,1990-04-28,Werder Bremen,Bayer 05 Uerdingen,0-0,0-0
31,1990-04-28,Borussia Dortmund,VfB Stuttgart,2-0,2-0
31,1990-04-28,1. FC Nürnberg,VfL Bochum,2-1,1-0
31,1990-04-28,Bor. Mönchengladbach,Eintracht Frankfurt,2-1,1-0
31,1990-04-28,Karlsruher SC,Waldhof Mannheim,4-0,2-0
31,1990-04-28,Fortuna Düsseldorf,1. FC Köln,1-1,1-1
32,1990-05-01,Eintracht Frankfurt,FC 08 Homburg,1-1,0-1
32,1990-05-01,VfL Bochum,Bor. Mönchengladbach,2-1,2-1
32,1990-05-01,VfB Stuttgart,1. FC Nürnberg,4-0,0-0
32,1990-05-01,1. FC Kaiserslautern,Werder Bremen,2-2,1-1
32,1990-05-01,1. FC Köln,Waldhof Mannheim,6-0,2-0
32,1990-05-02,Bayern München,FC St. Pauli,1-0,1-0
32,1990-05-02,Fortuna Düsseldorf,Bayer Leverkusen,2-0,0-0
32,1990-05-02,Hamburger SV,Karlsruher SC,1-0,0-0
32,1990-05-02,Bayer 05 Uerdingen,Borussia Dortmund,1-3,0-3
33,1990-05-05,1. FC Köln,Hamburger SV,2-0,1-0
33,1990-05-05,FC St. Pauli,Bayer Leverkusen,3-0,1-0
33,1990-05-05,Werder Bremen,Bayern München,2-2,2-0
33,1990-05-05,Borussia Dortmund,1. FC Kaiserslautern,1-1,1-1
33,1990-05-05,1. FC Nürnberg,Bayer 05 Uerdingen,1-1,1-1
33,1990-05-05,Bor. Mönchengladbach,VfB Stuttgart,3-1,1-0
33,1990-05-05,FC 08 Homburg,VfL Bochum,1-0,0-0
33,1990-05-05,Karlsruher SC,Eintracht Frankfurt,1-0,0-0
33,1990-05-05,Waldhof Mannheim,Fortuna Düsseldorf,0-1,0-0
34,1990-05-12,Fortuna Düsseldorf,FC St. Pauli,7-0,1-0
34,1990-05-12,Eintracht Frankfurt,1. FC Köln,3-1,0-1
34,1990-05-12,VfL Bochum,Karlsruher SC,2-0,2-0
34,1990-05-12,VfB Stuttgart,FC 08 Homburg,2-2,0-1
34,1990-05-12,Bayer 05 Uerdingen,Bor. Mönchengladbach,0-0,0-0
34,1990-05-12,1. FC Kaiserslautern,1. FC Nürnberg,0-2,0-1
34,1990-05-12,Bayern München,Borussia Dortmund,3-0,1-0
34,1990-05-12,Bayer Leverkusen,Werder Bremen,1-3,0-1
34,1990-05-12,Hamburger SV,Waldhof Mannheim,1-0,0-0
