Round,Date,Team 1,Team 2,FT,HT
1,1963-08-24,Werder Bremen,Borussia Dortmund,3-2,1-1
1,1963-08-24,1. FC Saarbrücken,1. FC Köln,0-2,0-2
1,1963-08-24,TSV 1860 München,Eintracht Braunschweig,1-1,1-0
1,1963-08-24,Eintracht Frankfurt,1. FC Kaiserslautern,1-1,1-1
1,1963-08-24,FC Schalke 04,VfB Stuttgart,2-0,2-0
1,1963-08-24,Preussen Münster,Hamburger SV,1-1,0-0
1,1963-08-24,Karlsruher SC,MSV Duisburg,1-4,0-3
1,1963-08-24,Hertha BSC,1. FC Nürnberg,1-1,0-1
2,1963-08-31,Borussia Dortmund,TSV 1860 München,3-3,2-1
2,1963-08-31,Hamburger SV,1. FC Saarbrücken,4-2,1-2
2,1963-08-31,1. FC Nürnberg,Werder Bremen,3-0,2-0
2,1963-08-31,1. FC Köln,Karlsruher SC,4-0,2-0
2,1963-08-31,1. FC Kaiserslautern,FC Schalke 04,2-3,1-1
2,1963-08-31,VfB Stuttgart,Hertha BSC,2-0,2-0
2,1963-08-31,MSV Duisburg,Eintracht Frankfurt,3-1,2-0
2,1963-08-31,Eintracht Braunschweig,Preussen Münster,1-0,1-0
3,1963-09-07,TSV 1860 München,1. FC Köln,1-3,0-0
3,1963-09-07,Karlsruher SC,Hamburger SV,0-4,0-3
3,1963-09-07,Eintracht Frankfurt,1. FC Nürnberg,2-3,1-1
3,1963-09-07,FC Schalke 04,Borussia Dortmund,3-1,1-1
3,1963-09-07,Werder Bremen,VfB Stuttgart,2-2,1-2
3,1963-09-07,Hertha BSC,1. FC Kaiserslautern,2-2,0-2
3,1963-09-07,Preussen Münster,MSV Duisburg,4-2,2-0
3,1963-09-07,1. FC Saarbrücken,Eintracht Braunschweig,2-2,0-1
4,1963-09-14,1. FC Köln,FC Schalke 04,2-2,1-2
4,1963-09-14,1. FC Nürnberg,Preussen Münster,2-2,1-2
4,1963-09-14,Borussia Dortmund,1. FC Saarbrücken,2-1,0-1
4,1963-09-14,Hamburger SV,Eintracht Frankfurt,3-0,1-0
4,1963-09-14,VfB Stuttgart,TSV 1860 München,1-1,1-1
4,1963-09-14,1. FC Kaiserslautern,Werder Bremen,3-0,1-0
4,1963-09-14,MSV Duisburg,Hertha BSC,1-3,0-1
4,1963-09-14,Eintracht Braunschweig,Karlsruher SC,2-0,1-0
5,1963-09-21,FC Schalke 04,Hamburger SV,1-0,1-0
5,1963-09-21,1. FC Saarbrücken,1. FC Nürnberg,3-5,2-2
5,1963-09-21,Hertha BSC,1. FC Köln,0-3,0-1
5,1963-09-21,Karlsruher SC,Borussia Dortmund,1-3,0-2
5,1963-09-21,TSV 1860 München,1. FC Kaiserslautern,3-0,0-0
5,1963-09-21,Eintracht Frankfurt,Eintracht Braunschweig,3-0,2-0
5,1963-09-21,Preussen Münster,VfB Stuttgart,4-2,1-2
5,1963-09-21,Werder Bremen,MSV Duisburg,1-1,0-1
6,1963-10-05,1. FC Köln,Werder Bremen,4-3,0-1
6,1963-10-05,1. FC Kaiserslautern,Preussen Münster,0-0,0-0
6,1963-10-05,MSV Duisburg,TSV 1860 München,3-0,1-0
6,1963-10-05,VfB Stuttgart,1. FC Saarbrücken,3-1,1-0
6,1963-10-05,1. FC Nürnberg,Karlsruher SC,2-4,2-1
6,1963-10-05,Hamburger SV,Hertha BSC,5-1,1-1
6,1963-10-05,Eintracht Braunschweig,FC Schalke 04,4-3,2-1
6,1963-10-05,Borussia Dortmund,Eintracht Frankfurt,3-0,3-0
7,1963-10-12,Eintracht Frankfurt,1. FC Köln,2-1,2-1
7,1963-10-12,Hertha BSC,Eintracht Braunschweig,1-2,1-2
7,1963-10-12,TSV 1860 München,1. FC Nürnberg,5-0,3-0
7,1963-10-12,Karlsruher SC,VfB Stuttgart,0-3,0-2
7,1963-10-12,FC Schalke 04,MSV Duisburg,2-2,2-1
7,1963-10-12,1. FC Saarbrücken,1. FC Kaiserslautern,2-4,2-1
7,1963-10-12,Werder Bremen,Hamburger SV,4-2,2-1
7,1963-10-12,Preussen Münster,Borussia Dortmund,1-2,1-0
8,1963-10-19,Hamburger SV,TSV 1860 München,5-0,3-0
8,1963-10-19,1. FC Köln,Preussen Münster,3-0,1-0
8,1963-10-19,1. FC Nürnberg,FC Schalke 04,0-2,0-1
8,1963-10-19,VfB Stuttgart,Eintracht Frankfurt,0-0,0-0
8,1963-10-19,MSV Duisburg,1. FC Saarbrücken,3-1,1-1
8,1963-10-19,1. FC Kaiserslautern,Karlsruher SC,1-0,1-0
8,1963-10-19,Eintracht Braunschweig,Werder Bremen,1-1,1-1
8,1963-10-19,Borussia Dortmund,Hertha BSC,7-2,4-1
9,1963-10-26,VfB Stuttgart,Borussia Dortmund,2-1,1-0
9,1963-10-26,FC Schalke 04,Werder Bremen,2-3,1-1
9,1963-10-26,Hamburger SV,Eintracht Braunschweig,2-1,1-1
9,1963-10-26,1. FC Köln,MSV Duisburg,3-3,1-2
9,1963-10-26,1. FC Nürnberg,1. FC Kaiserslautern,0-5,0-3
9,1963-10-26,Preussen Münster,TSV 1860 München,0-0,0-0
9,1963-10-26,Hertha BSC,Eintracht Frankfurt,1-3,1-0
9,1963-10-26,1. FC Saarbrücken,Karlsruher SC,1-3,0-1
10,1963-11-08,Eintracht Braunschweig,1. FC Köln,1-1,1-1
10,1963-11-09,1. FC Kaiserslautern,VfB Stuttgart,1-3,1-2
10,1963-11-09,MSV Duisburg,Hamburger SV,4-0,0-0
10,1963-11-09,Eintracht Frankfurt,FC Schalke 04,4-2,1-1
10,1963-11-09,TSV 1860 München,1. FC Saarbrücken,7-1,1-1
10,1963-11-09,Karlsruher SC,Preussen Münster,4-2,4-1
10,1963-11-09,Werder Bremen,Hertha BSC,2-2,1-0
10,1963-11-09,Borussia Dortmund,1. FC Nürnberg,3-1,1-1
11,1963-11-16,1. FC Köln,Hamburger SV,4-1,1-1
11,1963-11-16,Eintracht Braunschweig,MSV Duisburg,0-0,0-0
11,1963-11-16,1. FC Saarbrücken,Preussen Münster,1-1,1-1
11,1963-11-16,VfB Stuttgart,1. FC Nürnberg,1-0,1-0
11,1963-11-16,TSV 1860 München,Karlsruher SC,1-0,0-0
11,1963-11-16,Werder Bremen,Eintracht Frankfurt,4-1,2-1
11,1963-11-16,Borussia Dortmund,1. FC Kaiserslautern,9-3,5-1
11,1963-11-16,FC Schalke 04,Hertha BSC,1-0,0-0
12,1963-11-23,1. FC Nürnberg,1. FC Köln,2-2,2-1
12,1963-11-23,Hamburger SV,VfB Stuttgart,1-1,0-1
12,1963-11-23,MSV Duisburg,Borussia Dortmund,3-3,1-3
12,1963-11-23,Preussen Münster,FC Schalke 04,2-2,1-0
12,1963-11-23,1. FC Kaiserslautern,Eintracht Braunschweig,2-1,1-0
12,1963-11-23,Hertha BSC,1. FC Saarbrücken,3-2,1-2
12,1963-11-23,Karlsruher SC,Werder Bremen,1-1,1-0
12,1963-11-23,Eintracht Frankfurt,TSV 1860 München,5-2,2-1
13,1963-11-30,1. FC Nürnberg,MSV Duisburg,2-0,1-0
13,1963-11-30,Hertha BSC,Karlsruher SC,2-3,1-2
13,1963-11-30,1. FC Kaiserslautern,Hamburger SV,3-2,2-0
13,1963-11-30,VfB Stuttgart,Eintracht Braunschweig,5-0,3-0
13,1963-11-30,Werder Bremen,1. FC Saarbrücken,0-3,0-1
13,1963-11-30,Eintracht Frankfurt,Preussen Münster,3-0,0-0
13,1963-11-30,FC Schalke 04,TSV 1860 München,2-1,2-0
13,1963-11-30,Borussia Dortmund,1. FC Köln,2-3,2-3
14,1963-12-07,MSV Duisburg,VfB Stuttgart,3-0,1-0
14,1963-12-07,Preussen Münster,Werder Bremen,1-3,0-2
14,1963-12-07,Karlsruher SC,FC Schalke 04,1-1,0-0
14,1963-12-07,TSV 1860 München,Hertha BSC,1-2,0-0
14,1963-12-07,1. FC Saarbrücken,Eintracht Frankfurt,0-4,0-2
14,1963-12-07,1. FC Köln,1. FC Kaiserslautern,5-1,1-0
14,1963-12-07,Eintracht Braunschweig,1. FC Nürnberg,2-0,0-0
14,1963-12-21,Hamburger SV,Borussia Dortmund,2-1,0-1
15,1963-12-14,1. FC Nürnberg,Hamburger SV,3-2,1-1
15,1963-12-14,Eintracht Frankfurt,Karlsruher SC,0-3,0-1
15,1963-12-14,Werder Bremen,TSV 1860 München,4-1,1-1
15,1963-12-14,1. FC Kaiserslautern,MSV Duisburg,1-1,0-0
15,1963-12-14,FC Schalke 04,1. FC Saarbrücken,4-1,0-0
15,1963-12-14,VfB Stuttgart,1. FC Köln,0-1,0-0
15,1963-12-14,Hertha BSC,Preussen Münster,2-0,1-0
15,1963-12-14,Borussia Dortmund,Eintracht Braunschweig,3-0,1-0
16,1964-01-11,Borussia Dortmund,Werder Bremen,4-3,4-0
16,1964-01-11,1. FC Köln,1. FC Saarbrücken,1-3,1-3
16,1964-01-11,1. FC Kaiserslautern,Eintracht Frankfurt,1-1,1-1
16,1964-01-11,Hamburger SV,Preussen Münster,5-0,2-0
16,1964-01-11,MSV Duisburg,Karlsruher SC,2-0,2-0
16,1964-01-11,1. FC Nürnberg,Hertha BSC,2-3,2-2
16,1964-01-11,Eintracht Braunschweig,TSV 1860 München,0-1,0-1
16,1964-02-08,VfB Stuttgart,FC Schalke 04,2-0,1-0
17,1964-01-18,TSV 1860 München,Borussia Dortmund,6-1,4-1
17,1964-01-18,Karlsruher SC,1. FC Köln,2-2,0-1
17,1964-01-18,FC Schalke 04,1. FC Kaiserslautern,4-0,2-0
17,1964-01-18,Hertha BSC,VfB Stuttgart,0-2,0-0
17,1964-01-18,Preussen Münster,Eintracht Braunschweig,0-2,0-0
17,1964-01-18,Werder Bremen,1. FC Nürnberg,2-1,1-1
17,1964-02-08,1. FC Saarbrücken,Hamburger SV,1-1,0-0
17,1964-02-08,Eintracht Frankfurt,MSV Duisburg,2-2,1-1
18,1964-01-25,1. FC Köln,TSV 1860 München,2-2,1-1
18,1964-01-25,Hamburger SV,Karlsruher SC,1-1,0-1
18,1964-01-25,1. FC Nürnberg,Eintracht Frankfurt,1-0,1-0
18,1964-01-25,Borussia Dortmund,FC Schalke 04,3-0,0-0
18,1964-01-25,MSV Duisburg,Preussen Münster,0-0,0-0
18,1964-01-25,VfB Stuttgart,Werder Bremen,2-0,1-0
18,1964-01-25,Eintracht Braunschweig,1. FC Saarbrücken,3-1,1-1
18,1964-02-08,1. FC Kaiserslautern,Hertha BSC,3-0,1-0
19,1964-02-01,FC Schalke 04,1. FC Köln,2-3,0-2
19,1964-02-01,Werder Bremen,1. FC Kaiserslautern,2-0,1-0
19,1964-02-01,Karlsruher SC,Eintracht Braunschweig,3-1,1-0
19,1964-02-08,Preussen Münster,1. FC Nürnberg,0-1,0-0
19,1964-03-26,TSV 1860 München,VfB Stuttgart,1-1,1-0
19,1964-03-27,Hertha BSC,MSV Duisburg,5-2,3-1
19,1964-03-30,1. FC Saarbrücken,Borussia Dortmund,2-1,0-0
19,1964-03-30,Eintracht Frankfurt,Hamburger SV,2-2,1-1
20,1964-02-15,Hamburger SV,FC Schalke 04,3-1,0-0
20,1964-02-15,1. FC Nürnberg,1. FC Saarbrücken,2-0,1-0
20,1964-02-15,1. FC Köln,Hertha BSC,3-1,2-0
20,1964-02-15,Borussia Dortmund,Karlsruher SC,3-2,2-1
20,1964-02-15,1. FC Kaiserslautern,TSV 1860 München,2-1,1-0
20,1964-02-15,Eintracht Braunschweig,Eintracht Frankfurt,0-3,0-2
20,1964-02-15,VfB Stuttgart,Preussen Münster,0-3,0-1
20,1964-02-15,MSV Duisburg,Werder Bremen,1-0,0-0
21,1964-02-22,Werder Bremen,1. FC Köln,1-1,1-0
21,1964-02-22,Preussen Münster,1. FC Kaiserslautern,1-0,0-0
21,1964-02-22,Hertha BSC,Hamburger SV,1-2,0-1
21,1964-02-22,Karlsruher SC,1. FC Nürnberg,1-3,1-2
21,1964-02-22,FC Schalke 04,Eintracht Braunschweig,2-0,1-0
21,1964-02-22,Eintracht Frankfurt,Borussia Dortmund,2-1,1-0
21,1964-02-22,1. FC Saarbrücken,VfB Stuttgart,0-1,0-0
21,1964-03-31,TSV 1860 München,MSV Duisburg,0-0,0-0
22,1964-02-29,1. FC Köln,Eintracht Frankfurt,1-1,1-0
22,1964-02-29,1. FC Nürnberg,TSV 1860 München,2-2,1-1
22,1964-02-29,VfB Stuttgart,Karlsruher SC,4-1,3-0
22,1964-02-29,MSV Duisburg,FC Schalke 04,3-0,2-0
22,1964-02-29,Borussia Dortmund,Preussen Münster,0-0,0-0
22,1964-02-29,1. FC Kaiserslautern,1. FC Saarbrücken,2-4,1-2
22,1964-03-26,Hamburger SV,Werder Bremen,1-1,1-1
22,1964-03-30,Eintracht Braunschweig,Hertha BSC,1-1,1-1
23,1964-03-07,TSV 1860 München,Hamburger SV,9-2,3-1
23,1964-03-07,Preussen Münster,1. FC Köln,0-2,0-2
23,1964-03-07,FC Schalke 04,1. FC Nürnberg,4-1,2-1
23,1964-03-07,Eintracht Frankfurt,VfB Stuttgart,3-2,2-1
23,1964-03-07,Hertha BSC,Borussia Dortmund,0-0,0-0
23,1964-03-07,1. FC Saarbrücken,MSV Duisburg,0-2,0-1
23,1964-03-07,Karlsruher SC,1. FC Kaiserslautern,5-1,2-0
23,1964-03-07,Werder Bremen,Eintracht Braunschweig,2-3,0-2
24,1964-03-14,Borussia Dortmund,VfB Stuttgart,7-1,2-1
24,1964-03-14,Werder Bremen,FC Schalke 04,1-0,1-0
24,1964-03-14,Eintracht Braunschweig,Hamburger SV,2-1,0-0
24,1964-03-14,MSV Duisburg,1. FC Köln,2-2,2-0
24,1964-03-14,1. FC Kaiserslautern,1. FC Nürnberg,3-1,3-0
24,1964-03-14,TSV 1860 München,Preussen Münster,3-1,0-1
24,1964-03-14,Eintracht Frankfurt,Hertha BSC,4-0,0-0
24,1964-03-14,Karlsruher SC,1. FC Saarbrücken,2-2,0-2
25,1964-03-21,1. FC Köln,Eintracht Braunschweig,4-1,1-0
25,1964-03-21,VfB Stuttgart,1. FC Kaiserslautern,4-0,2-0
25,1964-03-21,Hamburger SV,MSV Duisburg,3-3,0-1
25,1964-03-21,FC Schalke 04,Eintracht Frankfurt,1-2,0-0
25,1964-03-21,1. FC Saarbrücken,TSV 1860 München,1-2,0-1
25,1964-03-21,Preussen Münster,Karlsruher SC,0-0,0-0
25,1964-03-21,1. FC Nürnberg,Borussia Dortmund,4-0,2-0
25,1964-04-15,Hertha BSC,Werder Bremen,5-2,2-1
26,1964-04-04,Hamburger SV,1. FC Köln,1-1,1-0
26,1964-04-04,MSV Duisburg,Eintracht Braunschweig,5-1,3-1
26,1964-04-04,Preussen Münster,1. FC Saarbrücken,2-1,1-1
26,1964-04-04,1. FC Kaiserslautern,Borussia Dortmund,0-1,0-1
26,1964-04-04,Karlsruher SC,TSV 1860 München,1-0,1-0
26,1964-04-04,Hertha BSC,FC Schalke 04,1-0,1-0
26,1964-04-04,1. FC Nürnberg,VfB Stuttgart,0-0,0-0
26,1964-04-04,Eintracht Frankfurt,Werder Bremen,7-0,2-0
27,1964-04-11,1. FC Köln,1. FC Nürnberg,5-0,2-0
27,1964-04-11,VfB Stuttgart,Hamburger SV,2-2,1-1
27,1964-04-11,Borussia Dortmund,MSV Duisburg,0-0,0-0
27,1964-04-11,TSV 1860 München,Eintracht Frankfurt,1-1,0-0
27,1964-04-11,FC Schalke 04,Preussen Münster,1-2,0-1
27,1964-04-11,Eintracht Braunschweig,1. FC Kaiserslautern,0-1,0-1
27,1964-04-11,1. FC Saarbrücken,Hertha BSC,3-0,3-0
27,1964-04-11,Werder Bremen,Karlsruher SC,0-0,0-0
28,1964-04-18,1. FC Köln,Borussia Dortmund,5-2,1-1
28,1964-04-18,MSV Duisburg,1. FC Nürnberg,0-0,0-0
28,1964-04-18,Eintracht Braunschweig,VfB Stuttgart,2-0,2-0
28,1964-04-18,Karlsruher SC,Hertha BSC,1-1,0-0
28,1964-04-18,TSV 1860 München,FC Schalke 04,7-1,3-1
28,1964-04-18,Hamburger SV,1. FC Kaiserslautern,7-3,1-0
28,1964-04-18,1. FC Saarbrücken,Werder Bremen,3-2,1-0
28,1964-04-18,Preussen Münster,Eintracht Frankfurt,1-3,1-2
29,1964-04-25,VfB Stuttgart,MSV Duisburg,1-2,1-2
29,1964-04-25,1. FC Kaiserslautern,1. FC Köln,3-3,2-3
29,1964-04-25,Eintracht Frankfurt,1. FC Saarbrücken,3-1,3-1
29,1964-04-25,Hertha BSC,TSV 1860 München,3-1,1-1
29,1964-04-25,1. FC Nürnberg,Eintracht Braunschweig,1-0,0-0
29,1964-04-25,Werder Bremen,Preussen Münster,4-2,2-1
29,1964-04-25,FC Schalke 04,Karlsruher SC,2-1,0-1
29,1964-05-05,Borussia Dortmund,Hamburger SV,5-2,2-0
30,1964-05-09,1. FC Köln,VfB Stuttgart,2-1,0-1
30,1964-05-09,Hamburger SV,1. FC Nürnberg,2-2,1-1
30,1964-05-09,Eintracht Braunschweig,Borussia Dortmund,2-0,0-0
30,1964-05-09,Karlsruher SC,Eintracht Frankfurt,1-2,0-1
30,1964-05-09,TSV 1860 München,Werder Bremen,3-2,1-1
30,1964-05-09,1. FC Saarbrücken,FC Schalke 04,1-1,1-0
30,1964-05-09,Preussen Münster,Hertha BSC,4-2,2-2
30,1964-05-09,MSV Duisburg,1. FC Kaiserslautern,3-0,2-0
