Round,Date,Team 1,Team 2,FT,HT
1,1997-08-01,FC Schalke 04,Bayer Leverkusen,2-1,0-1
1,1997-08-01,VfB Stuttgart,TSV 1860 München,1-1,1-0
1,1997-08-02,VfL Bochum,Arminia Bielefeld,1-0,0-0
1,1997-08-02,Karlsruher SC,Werder Bremen,3-1,1-0
1,1997-08-02,1. FC Köln,MSV Duisburg,3-2,1-1
1,1997-08-02,Hansa Rostock,VfL Wolfsburg,0-1,0-0
1,1997-08-02,Bayern München,1. FC Kaiserslautern,0-1,0-0
1,1997-08-03,Hertha BSC,Borussia Dortmund,1-1,1-1
1,1997-08-03,Hamburger SV,Bor. Mönchengladbach,2-2,0-1
2,1997-08-05,MSV Duisburg,FC Schalke 04,1-0,0-0
2,1997-08-05,Werder Bremen,Hansa Rostock,1-1,1-0
2,1997-08-05,Arminia Bielefeld,VfB Stuttgart,2-1,0-1
2,1997-08-05,TSV 1860 München,Karlsruher SC,2-2,1-1
2,1997-08-05,Bayer Leverkusen,VfL Bochum,3-2,0-1
2,1997-08-06,Borussia Dortmund,1. FC Köln,3-0,2-0
2,1997-08-06,1. FC Kaiserslautern,Hertha BSC,1-0,0-0
2,1997-08-06,Bor. Mönchengladbach,Bayern München,1-1,1-0
2,1997-08-06,VfL Wolfsburg,Hamburger SV,1-1,1-1
3,1997-08-08,VfL Bochum,MSV Duisburg,0-0,0-0
3,1997-08-08,VfB Stuttgart,Bayer Leverkusen,1-0,1-0
3,1997-08-09,FC Schalke 04,Borussia Dortmund,1-0,0-0
3,1997-08-09,Karlsruher SC,Arminia Bielefeld,3-1,1-0
3,1997-08-09,1. FC Köln,1. FC Kaiserslautern,0-0,0-0
3,1997-08-09,Hansa Rostock,Hamburger SV,2-1,2-0
3,1997-08-09,Werder Bremen,TSV 1860 München,3-3,2-1
3,1997-08-09,Bayern München,VfL Wolfsburg,5-2,3-1
3,1997-08-10,Hertha BSC,Bor. Mönchengladbach,2-2,1-0
4,1997-08-22,VfL Wolfsburg,Hertha BSC,2-1,1-0
4,1997-08-22,TSV 1860 München,Hansa Rostock,0-1,0-0
4,1997-08-23,MSV Duisburg,VfB Stuttgart,0-3,0-1
4,1997-08-23,1. FC Kaiserslautern,FC Schalke 04,3-0,2-0
4,1997-08-23,Bayer Leverkusen,Karlsruher SC,6-1,2-1
4,1997-08-23,Bor. Mönchengladbach,1. FC Köln,4-1,3-0
4,1997-08-23,Arminia Bielefeld,Werder Bremen,3-0,1-0
4,1997-08-23,Borussia Dortmund,VfL Bochum,5-2,3-1
4,1997-08-24,Hamburger SV,Bayern München,0-2,0-1
5,1997-08-29,Hertha BSC,Hamburger SV,0-2,0-1
5,1997-08-29,VfL Bochum,1. FC Kaiserslautern,1-3,0-1
5,1997-08-30,FC Schalke 04,Bor. Mönchengladbach,2-0,1-0
5,1997-08-30,VfB Stuttgart,Borussia Dortmund,0-0,0-0
5,1997-08-30,1. FC Köln,VfL Wolfsburg,5-3,2-1
5,1997-08-30,Hansa Rostock,Bayern München,1-3,0-0
5,1997-08-30,Werder Bremen,Bayer Leverkusen,2-1,1-0
5,1997-08-31,Karlsruher SC,MSV Duisburg,1-2,0-0
5,1997-09-01,TSV 1860 München,Arminia Bielefeld,1-0,0-0
6,1997-09-12,Arminia Bielefeld,Hansa Rostock,0-1,0-1
6,1997-09-12,Hamburger SV,1. FC Köln,2-1,2-0
6,1997-09-13,MSV Duisburg,Werder Bremen,2-1,2-1
6,1997-09-13,VfL Wolfsburg,FC Schalke 04,0-0,0-0
6,1997-09-13,Bayer Leverkusen,TSV 1860 München,2-2,0-0
6,1997-09-13,Bor. Mönchengladbach,VfL Bochum,2-1,0-1
6,1997-09-13,Borussia Dortmund,Karlsruher SC,2-2,0-1
6,1997-09-13,Bayern München,Hertha BSC,3-0,1-0
6,1997-09-14,1. FC Kaiserslautern,VfB Stuttgart,4-3,1-2
7,1997-09-19,Karlsruher SC,1. FC Kaiserslautern,2-4,0-2
7,1997-09-19,TSV 1860 München,MSV Duisburg,0-1,0-1
7,1997-09-20,VfL Bochum,VfL Wolfsburg,2-1,2-0
7,1997-09-20,Werder Bremen,Borussia Dortmund,2-1,2-1
7,1997-09-20,FC Schalke 04,Hamburger SV,2-2,1-2
7,1997-09-20,Hansa Rostock,Hertha BSC,4-0,2-0
7,1997-09-20,1. FC Köln,Bayern München,1-3,1-2
7,1997-09-20,Arminia Bielefeld,Bayer Leverkusen,2-1,1-1
7,1997-09-21,VfB Stuttgart,Bor. Mönchengladbach,3-0,2-0
8,1997-09-26,MSV Duisburg,Arminia Bielefeld,2-1,2-0
8,1997-09-26,Bayern München,FC Schalke 04,1-1,0-1
8,1997-09-27,Borussia Dortmund,TSV 1860 München,2-3,1-2
8,1997-09-27,VfL Wolfsburg,VfB Stuttgart,1-0,0-0
8,1997-09-27,Bayer Leverkusen,Hansa Rostock,1-1,0-1
8,1997-09-27,1. FC Kaiserslautern,Werder Bremen,1-3,1-0
8,1997-09-27,Bor. Mönchengladbach,Karlsruher SC,1-1,0-0
8,1997-09-27,Hamburger SV,VfL Bochum,2-1,0-0
8,1997-09-28,Hertha BSC,1. FC Köln,1-0,1-0
9,1997-10-03,Werder Bremen,Bor. Mönchengladbach,1-0,0-0
9,1997-10-03,TSV 1860 München,1. FC Kaiserslautern,1-3,1-2
9,1997-10-04,VfL Bochum,Bayern München,2-3,1-2
9,1997-10-04,Karlsruher SC,VfL Wolfsburg,2-1,2-0
9,1997-10-04,FC Schalke 04,Hertha BSC,1-0,0-0
9,1997-10-04,Hansa Rostock,1. FC Köln,1-2,0-1
9,1997-10-04,Bayer Leverkusen,MSV Duisburg,2-1,2-1
9,1997-10-04,Arminia Bielefeld,Borussia Dortmund,3-1,0-0
9,1997-10-05,VfB Stuttgart,Hamburger SV,5-2,1-1
10,1997-10-14,Hamburger SV,Karlsruher SC,3-1,1-1
10,1997-10-14,VfL Wolfsburg,Werder Bremen,1-0,0-0
10,1997-10-14,Borussia Dortmund,Bayer Leverkusen,0-1,0-0
10,1997-10-14,Hertha BSC,VfL Bochum,2-2,1-1
10,1997-10-14,1. FC Köln,FC Schalke 04,0-2,0-1
10,1997-10-15,MSV Duisburg,Hansa Rostock,0-1,0-1
10,1997-10-15,Bayern München,VfB Stuttgart,3-3,1-1
10,1997-10-15,1. FC Kaiserslautern,Arminia Bielefeld,3-1,2-1
10,1997-10-15,Bor. Mönchengladbach,TSV 1860 München,5-1,2-1
11,1997-10-17,VfL Bochum,1. FC Köln,2-1,1-0
11,1997-10-17,Werder Bremen,Hamburger SV,0-0,0-0
11,1997-10-18,MSV Duisburg,Borussia Dortmund,0-0,0-0
11,1997-10-18,Karlsruher SC,Bayern München,1-1,1-0
11,1997-10-18,Bayer Leverkusen,1. FC Kaiserslautern,1-1,0-0
11,1997-10-18,Hansa Rostock,FC Schalke 04,4-1,2-0
11,1997-10-18,VfB Stuttgart,Hertha BSC,4-1,2-0
11,1997-10-18,TSV 1860 München,VfL Wolfsburg,2-1,2-0
11,1997-10-19,Arminia Bielefeld,Bor. Mönchengladbach,3-1,2-1
12,1997-10-24,1. FC Kaiserslautern,MSV Duisburg,1-0,1-0
12,1997-10-24,FC Schalke 04,VfL Bochum,2-0,0-0
12,1997-10-25,VfL Wolfsburg,Arminia Bielefeld,2-0,1-0
12,1997-10-25,Borussia Dortmund,Hansa Rostock,3-2,2-1
12,1997-10-25,Bor. Mönchengladbach,Bayer Leverkusen,2-2,1-1
12,1997-10-25,Hamburger SV,TSV 1860 München,1-2,0-1
12,1997-10-25,Hertha BSC,Karlsruher SC,3-1,0-1
12,1997-10-25,Bayern München,Werder Bremen,2-0,1-0
12,1997-10-26,1. FC Köln,VfB Stuttgart,4-2,3-1
13,1997-10-31,MSV Duisburg,Bor. Mönchengladbach,4-5,2-2
13,1997-10-31,Bayer Leverkusen,VfL Wolfsburg,2-1,1-0
13,1997-10-31,Borussia Dortmund,1. FC Kaiserslautern,2-2,2-1
13,1997-11-01,VfB Stuttgart,FC Schalke 04,0-0,0-0
13,1997-11-01,Hansa Rostock,VfL Bochum,2-2,1-0
13,1997-11-01,Werder Bremen,Hertha BSC,0-2,0-1
13,1997-11-01,Karlsruher SC,1. FC Köln,3-1,0-1
13,1997-11-01,TSV 1860 München,Bayern München,2-2,1-1
13,1997-11-02,Arminia Bielefeld,Hamburger SV,0-3,0-1
14,1997-11-07,VfL Wolfsburg,MSV Duisburg,0-2,0-2
14,1997-11-07,1. FC Kaiserslautern,Hansa Rostock,4-3,2-2
14,1997-11-08,FC Schalke 04,Karlsruher SC,2-0,0-0
14,1997-11-08,Hamburger SV,Bayer Leverkusen,0-1,0-0
14,1997-11-08,1. FC Köln,Werder Bremen,2-0,0-0
14,1997-11-08,Bor. Mönchengladbach,Borussia Dortmund,1-1,1-1
14,1997-11-08,Hertha BSC,TSV 1860 München,2-0,2-0
14,1997-11-08,Bayern München,Arminia Bielefeld,1-0,1-0
14,1997-11-09,VfL Bochum,VfB Stuttgart,0-2,0-0
15,1997-11-18,MSV Duisburg,Hamburger SV,3-0,2-0
15,1997-11-18,Karlsruher SC,VfL Bochum,1-1,0-0
15,1997-11-18,Borussia Dortmund,VfL Wolfsburg,2-1,1-0
15,1997-11-18,Werder Bremen,FC Schalke 04,2-1,2-1
15,1997-11-19,Bor. Mönchengladbach,1. FC Kaiserslautern,1-3,0-1
15,1997-11-19,VfB Stuttgart,Hansa Rostock,2-1,1-0
15,1997-11-19,Arminia Bielefeld,Hertha BSC,1-3,1-0
15,1997-11-19,TSV 1860 München,1. FC Köln,1-0,1-0
15,1997-11-30,Bayer Leverkusen,Bayern München,4-2,1-2
16,1997-11-21,VfL Bochum,Werder Bremen,0-1,0-0
16,1997-11-21,Hamburger SV,Borussia Dortmund,1-3,1-1
16,1997-11-22,FC Schalke 04,TSV 1860 München,2-0,0-0
16,1997-11-22,VfL Wolfsburg,1. FC Kaiserslautern,2-1,1-0
16,1997-11-22,1. FC Köln,Arminia Bielefeld,3-5,2-2
16,1997-11-22,VfB Stuttgart,Karlsruher SC,3-0,2-0
16,1997-11-22,Hertha BSC,Bayer Leverkusen,2-2,2-0
16,1997-11-22,Bayern München,MSV Duisburg,3-0,2-0
16,1997-11-23,Hansa Rostock,Bor. Mönchengladbach,2-0,2-0
17,1997-11-11,Bayer Leverkusen,1. FC Köln,4-0,2-0
17,1997-11-11,Borussia Dortmund,Bayern München,0-2,0-2
17,1997-11-28,Karlsruher SC,Hansa Rostock,3-0,1-0
17,1997-11-28,MSV Duisburg,Hertha BSC,0-1,0-1
17,1997-11-29,1. FC Kaiserslautern,Hamburger SV,2-1,0-0
17,1997-11-29,Arminia Bielefeld,FC Schalke 04,1-1,0-0
17,1997-11-29,Bor. Mönchengladbach,VfL Wolfsburg,0-2,0-2
17,1997-11-29,TSV 1860 München,VfL Bochum,0-2,0-2
17,1997-11-29,Werder Bremen,VfB Stuttgart,2-2,0-0
18,1997-12-05,1. FC Kaiserslautern,Bayern München,2-0,1-0
18,1997-12-06,Arminia Bielefeld,VfL Bochum,0-2,0-0
18,1997-12-06,Bayer Leverkusen,FC Schalke 04,0-0,0-0
18,1997-12-06,Werder Bremen,Karlsruher SC,2-4,2-1
18,1997-12-06,MSV Duisburg,1. FC Köln,2-2,1-1
18,1997-12-06,Bor. Mönchengladbach,Hamburger SV,1-1,1-0
18,1997-12-06,TSV 1860 München,VfB Stuttgart,1-3,1-0
18,1997-12-07,VfL Wolfsburg,Hansa Rostock,1-1,0-0
18,1997-12-16,Borussia Dortmund,Hertha BSC,3-0,2-0
19,1997-12-12,Hansa Rostock,Werder Bremen,1-2,1-1
19,1997-12-12,Hertha BSC,1. FC Kaiserslautern,2-0,1-0
19,1997-12-13,Hamburger SV,VfL Wolfsburg,1-2,0-1
19,1997-12-13,FC Schalke 04,MSV Duisburg,1-1,1-1
19,1997-12-13,1. FC Köln,Borussia Dortmund,4-2,2-1
19,1997-12-13,Bayern München,Bor. Mönchengladbach,3-2,1-0
19,1997-12-13,VfB Stuttgart,Arminia Bielefeld,1-0,0-0
19,1997-12-13,Karlsruher SC,TSV 1860 München,0-0,0-0
19,1997-12-14,VfL Bochum,Bayer Leverkusen,0-0,0-0
20,1997-12-19,Borussia Dortmund,FC Schalke 04,2-2,1-0
20,1997-12-19,Bor. Mönchengladbach,Hertha BSC,4-2,2-2
20,1997-12-20,Bayer Leverkusen,VfB Stuttgart,6-1,3-1
20,1997-12-20,Arminia Bielefeld,Karlsruher SC,2-1,0-1
20,1997-12-20,1. FC Kaiserslautern,1. FC Köln,3-2,1-1
20,1997-12-20,TSV 1860 München,Werder Bremen,0-1,0-0
20,1997-12-20,MSV Duisburg,VfL Bochum,2-0,0-0
20,1997-12-20,VfL Wolfsburg,Bayern München,2-3,1-2
20,1997-12-21,Hamburger SV,Hansa Rostock,0-1,0-1
21,1998-01-30,VfB Stuttgart,MSV Duisburg,1-1,1-0
21,1998-01-30,VfL Bochum,Borussia Dortmund,2-1,1-0
21,1998-01-31,Hertha BSC,VfL Wolfsburg,1-0,1-0
21,1998-01-31,FC Schalke 04,1. FC Kaiserslautern,1-1,0-1
21,1998-01-31,1. FC Köln,Bor. Mönchengladbach,3-2,1-0
21,1998-01-31,Bayern München,Hamburger SV,3-0,2-0
21,1998-01-31,Werder Bremen,Arminia Bielefeld,2-1,1-1
21,1998-01-31,Hansa Rostock,TSV 1860 München,3-0,0-0
21,1998-02-01,Karlsruher SC,Bayer Leverkusen,1-1,1-1
22,1998-02-06,MSV Duisburg,Karlsruher SC,1-0,0-0
22,1998-02-06,1. FC Kaiserslautern,VfL Bochum,3-0,2-0
22,1998-02-07,Borussia Dortmund,VfB Stuttgart,3-1,3-0
22,1998-02-07,Bor. Mönchengladbach,FC Schalke 04,0-1,0-1
22,1998-02-07,Bayer Leverkusen,Werder Bremen,4-1,1-1
22,1998-02-07,Bayern München,Hansa Rostock,2-0,2-0
22,1998-02-07,Hamburger SV,Hertha BSC,1-1,1-1
22,1998-02-07,Arminia Bielefeld,TSV 1860 München,1-1,0-0
22,1998-02-08,VfL Wolfsburg,1. FC Köln,1-1,0-0
23,1998-02-13,Karlsruher SC,Borussia Dortmund,0-1,0-1
23,1998-02-13,Werder Bremen,MSV Duisburg,2-2,1-0
23,1998-02-13,1. FC Köln,Hamburger SV,1-2,0-0
23,1998-02-14,FC Schalke 04,VfL Wolfsburg,1-1,1-1
23,1998-02-14,TSV 1860 München,Bayer Leverkusen,3-4,1-0
23,1998-02-14,VfL Bochum,Bor. Mönchengladbach,3-1,1-1
23,1998-02-14,Hansa Rostock,Arminia Bielefeld,2-1,1-0
23,1998-02-14,Hertha BSC,Bayern München,2-1,1-0
23,1998-02-14,VfB Stuttgart,1. FC Kaiserslautern,0-1,0-0
24,1998-02-27,1. FC Kaiserslautern,Karlsruher SC,0-0,0-0
24,1998-02-27,Borussia Dortmund,Werder Bremen,2-2,0-0
24,1998-02-28,VfL Wolfsburg,VfL Bochum,0-2,0-1
24,1998-02-28,MSV Duisburg,TSV 1860 München,0-2,0-0
24,1998-02-28,Hamburger SV,FC Schalke 04,1-1,0-1
24,1998-02-28,Bor. Mönchengladbach,VfB Stuttgart,0-0,0-0
24,1998-02-28,Bayern München,1. FC Köln,0-2,0-0
24,1998-02-28,Bayer Leverkusen,Arminia Bielefeld,0-0,0-0
24,1998-03-01,Hertha BSC,Hansa Rostock,1-1,0-0
25,1998-03-06,VfL Bochum,Hamburger SV,0-0,0-0
25,1998-03-06,Werder Bremen,1. FC Kaiserslautern,1-1,1-1
25,1998-03-07,TSV 1860 München,Borussia Dortmund,4-2,4-0
25,1998-03-07,Karlsruher SC,Bor. Mönchengladbach,2-5,1-1
25,1998-03-07,Hansa Rostock,Bayer Leverkusen,1-2,0-2
25,1998-03-07,Arminia Bielefeld,MSV Duisburg,3-3,1-0
25,1998-03-07,1. FC Köln,Hertha BSC,2-0,1-0
25,1998-03-08,VfB Stuttgart,VfL Wolfsburg,2-1,0-1
25,1998-03-08,FC Schalke 04,Bayern München,1-0,1-0
26,1998-03-13,MSV Duisburg,Bayer Leverkusen,1-1,1-1
26,1998-03-13,Hertha BSC,FC Schalke 04,1-4,0-1
26,1998-03-14,Bayern München,VfL Bochum,0-0,0-0
26,1998-03-14,1. FC Kaiserslautern,TSV 1860 München,1-0,1-0
26,1998-03-14,Hamburger SV,VfB Stuttgart,0-0,0-0
26,1998-03-14,VfL Wolfsburg,Karlsruher SC,1-2,1-1
26,1998-03-14,Bor. Mönchengladbach,Werder Bremen,0-0,0-0
26,1998-03-14,Borussia Dortmund,Arminia Bielefeld,3-2,1-0
26,1998-03-15,1. FC Köln,Hansa Rostock,0-0,0-0
27,1998-03-21,Hansa Rostock,MSV Duisburg,2-1,1-0
27,1998-03-21,TSV 1860 München,Bor. Mönchengladbach,2-0,1-0
27,1998-03-21,Karlsruher SC,Hamburger SV,0-1,0-0
27,1998-03-21,Werder Bremen,VfL Wolfsburg,3-1,1-0
27,1998-03-22,VfB Stuttgart,Bayern München,0-3,0-2
27,1998-04-29,Arminia Bielefeld,1. FC Kaiserslautern,2-2,1-1
27,1998-04-29,FC Schalke 04,1. FC Köln,1-0,0-0
27,1998-04-29,VfL Bochum,Hertha BSC,2-1,1-0
27,1998-04-29,Bayer Leverkusen,Borussia Dortmund,2-2,0-1
28,1998-03-27,VfL Wolfsburg,TSV 1860 München,1-0,1-0
28,1998-03-27,Hamburger SV,Werder Bremen,2-1,0-1
28,1998-03-28,Borussia Dortmund,MSV Duisburg,3-0,1-0
28,1998-03-28,Bayern München,Karlsruher SC,1-1,0-1
28,1998-03-28,1. FC Kaiserslautern,Bayer Leverkusen,0-3,0-0
28,1998-03-28,FC Schalke 04,Hansa Rostock,0-0,0-0
28,1998-03-28,Bor. Mönchengladbach,Arminia Bielefeld,0-0,0-0
28,1998-03-28,Hertha BSC,VfB Stuttgart,3-0,2-0
28,1998-03-29,1. FC Köln,VfL Bochum,2-1,1-0
29,1998-04-03,Karlsruher SC,Hertha BSC,0-2,0-0
29,1998-04-03,MSV Duisburg,1. FC Kaiserslautern,1-1,0-1
29,1998-04-04,Arminia Bielefeld,VfL Wolfsburg,0-1,0-0
29,1998-04-04,VfL Bochum,FC Schalke 04,3-0,1-0
29,1998-04-04,TSV 1860 München,Hamburger SV,1-1,0-1
29,1998-04-04,Bayer Leverkusen,Bor. Mönchengladbach,1-1,0-0
29,1998-04-04,Hansa Rostock,Borussia Dortmund,3-1,0-1
29,1998-04-04,Werder Bremen,Bayern München,0-3,0-1
29,1998-04-05,VfB Stuttgart,1. FC Köln,1-1,0-0
30,1998-04-09,VfL Bochum,Hansa Rostock,1-3,0-0
30,1998-04-09,1. FC Kaiserslautern,Borussia Dortmund,1-1,0-0
30,1998-04-11,FC Schalke 04,VfB Stuttgart,3-4,2-2
30,1998-04-11,1. FC Köln,Karlsruher SC,0-1,0-1
30,1998-04-11,Hamburger SV,Arminia Bielefeld,2-0,1-0
30,1998-04-11,Hertha BSC,Werder Bremen,0-2,0-1
30,1998-04-11,VfL Wolfsburg,Bayer Leverkusen,1-0,1-0
30,1998-04-11,Bayern München,TSV 1860 München,3-1,2-0
30,1998-04-12,Bor. Mönchengladbach,MSV Duisburg,0-3,0-3
31,1998-04-17,MSV Duisburg,VfL Wolfsburg,2-2,0-0
31,1998-04-17,Werder Bremen,1. FC Köln,3-0,1-0
31,1998-04-18,Karlsruher SC,FC Schalke 04,0-0,0-0
31,1998-04-18,Hansa Rostock,1. FC Kaiserslautern,2-2,1-1
31,1998-04-18,Bayer Leverkusen,Hamburger SV,5-0,2-0
31,1998-04-18,TSV 1860 München,Hertha BSC,3-1,2-0
31,1998-04-18,Borussia Dortmund,Bor. Mönchengladbach,1-2,0-2
31,1998-04-18,Arminia Bielefeld,Bayern München,4-4,2-3
31,1998-04-19,VfB Stuttgart,VfL Bochum,2-0,1-0
32,1998-04-24,1. FC Kaiserslautern,Bor. Mönchengladbach,3-2,1-2
32,1998-04-24,Hertha BSC,Arminia Bielefeld,1-1,0-1
32,1998-04-25,VfL Bochum,Karlsruher SC,3-3,1-2
32,1998-04-25,Hamburger SV,MSV Duisburg,1-0,1-0
32,1998-04-25,FC Schalke 04,Werder Bremen,0-1,0-1
32,1998-04-25,Hansa Rostock,VfB Stuttgart,1-1,1-0
32,1998-04-25,VfL Wolfsburg,Borussia Dortmund,1-4,1-2
32,1998-04-25,1. FC Köln,TSV 1860 München,2-3,0-3
32,1998-04-26,Bayern München,Bayer Leverkusen,2-1,1-0
33,1998-05-02,Karlsruher SC,VfB Stuttgart,4-2,1-0
33,1998-05-02,Werder Bremen,VfL Bochum,1-0,0-0
33,1998-05-02,TSV 1860 München,FC Schalke 04,1-0,1-0
33,1998-05-02,1. FC Kaiserslautern,VfL Wolfsburg,4-0,1-0
33,1998-05-02,Arminia Bielefeld,1. FC Köln,2-1,0-1
33,1998-05-02,Bor. Mönchengladbach,Hansa Rostock,5-2,2-1
33,1998-05-02,Bayer Leverkusen,Hertha BSC,0-1,0-0
33,1998-05-02,MSV Duisburg,Bayern München,0-0,0-0
33,1998-05-02,Borussia Dortmund,Hamburger SV,0-1,0-1
34,1998-05-09,Hamburger SV,1. FC Kaiserslautern,1-1,0-0
34,1998-05-09,Bayern München,Borussia Dortmund,4-0,0-0
34,1998-05-09,Hertha BSC,MSV Duisburg,1-3,0-1
34,1998-05-09,Hansa Rostock,Karlsruher SC,4-2,2-1
34,1998-05-09,1. FC Köln,Bayer Leverkusen,2-2,1-0
34,1998-05-09,VfL Wolfsburg,Bor. Mönchengladbach,0-2,0-2
34,1998-05-09,FC Schalke 04,Arminia Bielefeld,2-1,1-1
34,1998-05-09,VfL Bochum,TSV 1860 München,1-0,1-0
34,1998-05-09,VfB Stuttgart,Werder Bremen,1-0,0-0
