Round,Date,Team 1,Team 2,FT,HT
1,1993-08-06,Bor. Mönchengladbach,Eintracht Frankfurt,0-4,0-2
1,1993-08-06,Hamburger SV,1. FC Nürnberg,5-2,2-1
1,1993-08-06,Borussia Dortmund,Karlsruher SC,2-1,0-0
1,1993-08-07,1. FC Köln,1. FC Kaiserslautern,0-2,0-0
1,1993-08-07,SG Wattenscheid 09,FC Schalke 04,3-0,2-0
1,1993-08-07,Bayern München,SC Freiburg,3-1,3-1
1,1993-08-07,MSV Duisburg,Bayer Leverkusen,2-2,1-0
1,1993-08-07,VfB Leipzig,Dynamo Dresden,3-3,3-2
1,1993-08-08,Werder Bremen,VfB Stuttgart,5-1,2-0
2,1993-08-13,1. FC Nürnberg,1. FC Köln,1-0,1-0
2,1993-08-13,Dynamo Dresden,MSV Duisburg,0-1,0-0
2,1993-08-14,Bayer Leverkusen,Bayern München,2-1,1-1
2,1993-08-14,SC Freiburg,SG Wattenscheid 09,4-1,1-0
2,1993-08-14,Karlsruher SC,Hamburger SV,2-0,1-0
2,1993-08-14,1. FC Kaiserslautern,Bor. Mönchengladbach,4-2,2-1
2,1993-08-14,Eintracht Frankfurt,Werder Bremen,2-2,1-1
2,1993-08-15,FC Schalke 04,Borussia Dortmund,1-0,0-0
2,1993-09-11,VfB Stuttgart,VfB Leipzig,0-0,0-0
3,1993-08-17,Werder Bremen,VfB Leipzig,3-1,1-1
3,1993-08-20,SG Wattenscheid 09,Bayer Leverkusen,1-2,1-1
3,1993-08-20,1. FC Köln,Karlsruher SC,2-1,1-0
3,1993-08-21,Bor. Mönchengladbach,1. FC Nürnberg,2-0,1-0
3,1993-08-21,Hamburger SV,FC Schalke 04,4-1,3-0
3,1993-08-21,Borussia Dortmund,SC Freiburg,3-2,0-1
3,1993-08-21,MSV Duisburg,VfB Stuttgart,2-2,2-1
3,1993-08-21,Eintracht Frankfurt,1. FC Kaiserslautern,1-0,1-0
3,1993-08-22,Bayern München,Dynamo Dresden,5-0,2-0
4,1993-08-27,SC Freiburg,Hamburger SV,0-1,0-1
4,1993-08-27,Karlsruher SC,Bor. Mönchengladbach,1-0,1-0
4,1993-08-27,VfB Leipzig,MSV Duisburg,1-1,0-1
4,1993-08-28,Bayer Leverkusen,Borussia Dortmund,2-1,1-1
4,1993-08-28,FC Schalke 04,1. FC Köln,1-2,1-2
4,1993-08-28,1. FC Nürnberg,Eintracht Frankfurt,1-5,0-2
4,1993-08-28,1. FC Kaiserslautern,Werder Bremen,2-3,0-1
4,1993-08-28,Dynamo Dresden,SG Wattenscheid 09,1-1,0-1
4,1993-08-29,VfB Stuttgart,Bayern München,2-2,1-2
5,1993-08-31,Bor. Mönchengladbach,FC Schalke 04,3-2,3-1
5,1993-08-31,1. FC Kaiserslautern,1. FC Nürnberg,3-1,0-0
5,1993-08-31,Eintracht Frankfurt,Karlsruher SC,3-1,0-0
5,1993-08-31,Werder Bremen,MSV Duisburg,1-5,0-0
5,1993-09-01,SG Wattenscheid 09,VfB Stuttgart,2-4,1-1
5,1993-09-01,1. FC Köln,SC Freiburg,2-0,1-0
5,1993-09-01,Hamburger SV,Bayer Leverkusen,2-1,0-0
5,1993-09-01,Borussia Dortmund,Dynamo Dresden,4-0,1-0
5,1993-09-01,Bayern München,VfB Leipzig,3-0,1-0
6,1993-09-03,Karlsruher SC,1. FC Kaiserslautern,1-1,0-1
6,1993-09-03,1. FC Nürnberg,Werder Bremen,0-1,0-0
6,1993-09-04,VfB Stuttgart,Borussia Dortmund,2-2,1-1
6,1993-09-04,Bayer Leverkusen,1. FC Köln,2-1,2-1
6,1993-09-04,SC Freiburg,Bor. Mönchengladbach,3-3,1-0
6,1993-09-04,FC Schalke 04,Eintracht Frankfurt,1-3,1-2
6,1993-09-04,MSV Duisburg,Bayern München,2-2,1-1
6,1993-09-04,VfB Leipzig,SG Wattenscheid 09,0-0,0-0
6,1993-09-05,Dynamo Dresden,Hamburger SV,1-1,1-1
7,1993-09-07,Bor. Mönchengladbach,Bayer Leverkusen,2-2,1-1
7,1993-09-07,Borussia Dortmund,VfB Leipzig,0-1,0-1
7,1993-09-07,1. FC Nürnberg,Karlsruher SC,1-1,1-1
7,1993-09-08,SG Wattenscheid 09,MSV Duisburg,0-2,0-0
7,1993-09-08,1. FC Köln,Dynamo Dresden,0-1,0-0
7,1993-09-08,Hamburger SV,VfB Stuttgart,3-2,2-2
7,1993-09-08,1. FC Kaiserslautern,FC Schalke 04,0-0,0-0
7,1993-09-08,Eintracht Frankfurt,SC Freiburg,3-0,2-0
7,1993-09-09,Werder Bremen,Bayern München,1-0,0-0
8,1993-09-17,SC Freiburg,1. FC Kaiserslautern,2-3,0-1
8,1993-09-17,VfB Stuttgart,1. FC Köln,1-1,0-1
8,1993-09-17,VfB Leipzig,Hamburger SV,1-4,0-2
8,1993-09-18,Bayer Leverkusen,Eintracht Frankfurt,2-2,0-0
8,1993-09-18,FC Schalke 04,1. FC Nürnberg,1-2,1-1
8,1993-09-18,Bayern München,SG Wattenscheid 09,3-3,1-1
8,1993-09-18,MSV Duisburg,Borussia Dortmund,2-2,1-1
8,1993-09-18,Dynamo Dresden,Bor. Mönchengladbach,2-1,1-1
8,1993-09-19,Karlsruher SC,Werder Bremen,0-3,0-1
9,1993-09-24,Hamburger SV,MSV Duisburg,0-1,0-0
9,1993-09-24,Karlsruher SC,FC Schalke 04,0-0,0-0
9,1993-09-24,Eintracht Frankfurt,Dynamo Dresden,3-2,0-1
9,1993-09-25,1. FC Köln,VfB Leipzig,3-1,0-0
9,1993-09-25,Borussia Dortmund,Bayern München,1-1,0-1
9,1993-09-25,1. FC Nürnberg,SC Freiburg,2-2,1-0
9,1993-09-25,1. FC Kaiserslautern,Bayer Leverkusen,3-2,2-1
9,1993-09-25,Werder Bremen,SG Wattenscheid 09,0-0,0-0
9,1993-09-29,Bor. Mönchengladbach,VfB Stuttgart,0-2,0-1
10,1993-10-01,MSV Duisburg,1. FC Köln,0-0,0-0
10,1993-10-01,Dynamo Dresden,1. FC Kaiserslautern,3-1,2-1
10,1993-10-02,VfB Stuttgart,Eintracht Frankfurt,0-2,0-0
10,1993-10-02,Bayer Leverkusen,1. FC Nürnberg,4-0,2-0
10,1993-10-02,SC Freiburg,Karlsruher SC,3-3,2-1
10,1993-10-02,Bayern München,Hamburger SV,4-0,1-0
10,1993-10-02,VfB Leipzig,Bor. Mönchengladbach,1-1,0-0
10,1993-10-03,SG Wattenscheid 09,Borussia Dortmund,1-2,1-0
10,1993-10-04,FC Schalke 04,Werder Bremen,1-1,0-0
11,1993-10-08,Karlsruher SC,Bayer Leverkusen,2-0,2-0
11,1993-10-08,1. FC Nürnberg,Dynamo Dresden,3-0,2-0
11,1993-10-08,Werder Bremen,Borussia Dortmund,4-0,0-0
11,1993-10-09,Bor. Mönchengladbach,MSV Duisburg,4-1,3-0
11,1993-10-09,1. FC Köln,Bayern München,0-4,0-1
11,1993-10-09,Hamburger SV,SG Wattenscheid 09,2-1,2-1
11,1993-10-09,FC Schalke 04,SC Freiburg,1-3,0-1
11,1993-10-09,1. FC Kaiserslautern,VfB Stuttgart,5-0,3-0
11,1993-10-09,Eintracht Frankfurt,VfB Leipzig,2-1,1-0
12,1993-10-15,SG Wattenscheid 09,1. FC Köln,2-2,0-2
12,1993-10-15,MSV Duisburg,Eintracht Frankfurt,1-0,1-0
12,1993-10-15,Dynamo Dresden,Karlsruher SC,1-1,1-1
12,1993-10-16,VfB Stuttgart,1. FC Nürnberg,1-0,1-0
12,1993-10-16,Bayer Leverkusen,FC Schalke 04,5-1,3-0
12,1993-10-16,SC Freiburg,Werder Bremen,0-0,0-0
12,1993-10-16,Borussia Dortmund,Hamburger SV,2-1,0-0
12,1993-10-16,Bayern München,Bor. Mönchengladbach,3-1,3-0
12,1993-10-17,VfB Leipzig,1. FC Kaiserslautern,0-0,0-0
13,1993-10-22,Bor. Mönchengladbach,SG Wattenscheid 09,3-3,1-1
13,1993-10-22,1. FC Nürnberg,VfB Leipzig,5-0,3-0
13,1993-10-22,1. FC Kaiserslautern,MSV Duisburg,2-0,1-0
13,1993-10-23,1. FC Köln,Borussia Dortmund,2-0,0-0
13,1993-10-23,SC Freiburg,Bayer Leverkusen,1-0,0-0
13,1993-10-23,FC Schalke 04,Dynamo Dresden,0-0,0-0
13,1993-10-23,Eintracht Frankfurt,Bayern München,2-2,1-2
13,1993-10-24,Werder Bremen,Hamburger SV,0-2,0-2
13,1993-11-10,Karlsruher SC,VfB Stuttgart,0-0,0-0
14,1993-10-29,Borussia Dortmund,Bor. Mönchengladbach,3-0,1-0
14,1993-10-29,Dynamo Dresden,SC Freiburg,1-2,0-1
14,1993-10-30,VfB Stuttgart,FC Schalke 04,3-0,1-0
14,1993-10-30,Bayer Leverkusen,Werder Bremen,2-2,1-2
14,1993-10-30,Hamburger SV,1. FC Köln,2-4,0-3
14,1993-10-30,SG Wattenscheid 09,Eintracht Frankfurt,0-0,0-0
14,1993-10-30,Bayern München,1. FC Kaiserslautern,4-0,2-0
14,1993-10-30,MSV Duisburg,1. FC Nürnberg,1-0,1-0
14,1993-10-30,VfB Leipzig,Karlsruher SC,1-0,0-0
15,1993-11-05,Bor. Mönchengladbach,Hamburger SV,2-2,1-1
15,1993-11-05,FC Schalke 04,VfB Leipzig,3-1,1-0
15,1993-11-05,1. FC Kaiserslautern,SG Wattenscheid 09,4-1,1-1
15,1993-11-06,1. FC Köln,Werder Bremen,2-0,1-0
15,1993-11-06,SC Freiburg,VfB Stuttgart,2-1,2-1
15,1993-11-06,Karlsruher SC,MSV Duisburg,5-0,2-0
15,1993-11-06,1. FC Nürnberg,Bayern München,2-0,1-0
15,1993-11-06,Eintracht Frankfurt,Borussia Dortmund,2-0,0-0
15,1993-11-06,Dynamo Dresden,Bayer Leverkusen,1-1,1-0
16,1993-11-12,MSV Duisburg,FC Schalke 04,1-0,1-0
16,1993-11-12,Borussia Dortmund,1. FC Kaiserslautern,2-1,1-1
16,1993-11-12,Werder Bremen,Dynamo Dresden,0-1,0-1
16,1993-11-13,VfB Stuttgart,Bayer Leverkusen,1-4,1-2
16,1993-11-13,1. FC Köln,Bor. Mönchengladbach,0-4,0-2
16,1993-11-13,Hamburger SV,Eintracht Frankfurt,3-0,0-0
16,1993-11-13,SG Wattenscheid 09,1. FC Nürnberg,2-1,1-0
16,1993-11-13,Bayern München,Karlsruher SC,1-0,0-0
16,1993-11-14,VfB Leipzig,SC Freiburg,2-2,0-2
17,1993-11-19,Bor. Mönchengladbach,Werder Bremen,3-2,1-2
17,1993-11-19,Karlsruher SC,SG Wattenscheid 09,2-0,1-0
17,1993-11-19,Eintracht Frankfurt,1. FC Köln,0-3,0-0
17,1993-11-20,Bayer Leverkusen,VfB Leipzig,3-1,0-1
17,1993-11-20,SC Freiburg,MSV Duisburg,1-2,0-1
17,1993-11-20,FC Schalke 04,Bayern München,1-1,0-0
17,1993-11-20,1. FC Kaiserslautern,Hamburger SV,3-0,3-0
17,1993-11-20,1. FC Nürnberg,Borussia Dortmund,0-0,0-0
17,1993-11-21,Dynamo Dresden,VfB Stuttgart,1-0,0-0
18,1993-11-26,1. FC Kaiserslautern,1. FC Köln,3-0,2-0
18,1993-11-26,FC Schalke 04,SG Wattenscheid 09,4-1,2-1
18,1993-11-26,Dynamo Dresden,VfB Leipzig,1-0,1-0
18,1993-11-27,Eintracht Frankfurt,Bor. Mönchengladbach,0-3,0-2
18,1993-11-27,1. FC Nürnberg,Hamburger SV,0-1,0-1
18,1993-11-27,Karlsruher SC,Borussia Dortmund,3-3,3-3
18,1993-11-27,SC Freiburg,Bayern München,3-1,1-0
18,1993-11-27,Bayer Leverkusen,MSV Duisburg,2-1,1-0
18,1993-11-27,VfB Stuttgart,Werder Bremen,0-0,0-0
19,1993-12-03,Borussia Dortmund,FC Schalke 04,1-1,0-0
19,1993-12-03,Bor. Mönchengladbach,1. FC Kaiserslautern,3-1,0-0
19,1993-12-04,VfB Leipzig,VfB Stuttgart,0-0,0-0
19,1993-12-04,Bayern München,Bayer Leverkusen,1-1,0-0
19,1993-12-04,SG Wattenscheid 09,SC Freiburg,3-1,1-0
19,1993-12-04,Hamburger SV,Karlsruher SC,1-1,1-0
19,1993-12-04,1. FC Köln,1. FC Nürnberg,0-1,0-0
19,1993-12-04,Werder Bremen,Eintracht Frankfurt,1-0,0-0
19,1993-12-05,MSV Duisburg,Dynamo Dresden,1-1,1-0
20,1993-12-10,1. FC Nürnberg,Bor. Mönchengladbach,2-4,1-2
20,1993-12-10,Dynamo Dresden,Bayern München,1-1,1-0
20,1993-12-10,VfB Stuttgart,MSV Duisburg,4-0,3-0
20,1993-12-11,Karlsruher SC,1. FC Köln,2-0,1-0
20,1993-12-11,FC Schalke 04,Hamburger SV,1-0,0-0
20,1993-12-11,SC Freiburg,Borussia Dortmund,4-1,1-0
20,1993-12-11,Bayer Leverkusen,SG Wattenscheid 09,1-1,1-1
20,1993-12-11,1. FC Kaiserslautern,Eintracht Frankfurt,1-1,1-1
20,1993-12-11,VfB Leipzig,Werder Bremen,1-1,1-0
21,1994-02-11,SG Wattenscheid 09,Dynamo Dresden,1-1,1-1
21,1994-02-11,Bor. Mönchengladbach,Karlsruher SC,1-2,1-0
21,1994-02-12,Borussia Dortmund,Bayer Leverkusen,1-0,1-0
21,1994-02-12,Hamburger SV,SC Freiburg,1-1,0-1
21,1994-02-12,Eintracht Frankfurt,1. FC Nürnberg,1-1,1-1
21,1994-02-12,Werder Bremen,1. FC Kaiserslautern,2-0,2-0
21,1994-02-12,MSV Duisburg,VfB Leipzig,2-1,1-0
21,1994-02-13,Bayern München,VfB Stuttgart,1-3,1-1
21,1994-02-16,1. FC Köln,FC Schalke 04,1-1,1-1
22,1994-02-18,MSV Duisburg,Werder Bremen,1-0,0-0
22,1994-02-18,Dynamo Dresden,Borussia Dortmund,3-0,1-0
22,1994-02-18,VfB Stuttgart,SG Wattenscheid 09,3-0,0-0
22,1994-02-19,FC Schalke 04,Bor. Mönchengladbach,2-1,1-0
22,1994-02-19,SC Freiburg,1. FC Köln,2-4,0-2
22,1994-02-19,Bayer Leverkusen,Hamburger SV,1-2,1-0
22,1994-02-19,VfB Leipzig,Bayern München,1-3,0-3
22,1994-02-19,1. FC Nürnberg,1. FC Kaiserslautern,0-2,0-1
22,1994-02-19,Karlsruher SC,Eintracht Frankfurt,1-0,1-0
23,1994-02-25,Werder Bremen,1. FC Nürnberg,2-2,1-1
23,1994-02-26,1. FC Köln,Bayer Leverkusen,1-1,0-1
23,1994-02-26,Bor. Mönchengladbach,SC Freiburg,1-1,1-1
23,1994-02-26,Eintracht Frankfurt,FC Schalke 04,1-3,0-1
23,1994-02-26,1. FC Kaiserslautern,Karlsruher SC,0-0,0-0
23,1994-02-26,Bayern München,MSV Duisburg,4-0,4-0
23,1994-02-26,Hamburger SV,Dynamo Dresden,1-1,0-0
23,1994-02-27,SG Wattenscheid 09,VfB Leipzig,2-2,1-1
23,1994-03-08,Borussia Dortmund,VfB Stuttgart,1-2,0-0
24,1994-03-04,MSV Duisburg,SG Wattenscheid 09,2-1,2-1
24,1994-03-04,Dynamo Dresden,1. FC Köln,1-1,0-1
24,1994-03-05,Bayer Leverkusen,Bor. Mönchengladbach,0-1,0-1
24,1994-03-05,VfB Stuttgart,Hamburger SV,4-0,0-0
24,1994-03-05,VfB Leipzig,Borussia Dortmund,2-3,1-0
24,1994-03-05,Karlsruher SC,1. FC Nürnberg,3-2,0-1
24,1994-03-05,FC Schalke 04,1. FC Kaiserslautern,2-0,0-0
24,1994-03-05,Bayern München,Werder Bremen,2-0,0-0
24,1994-03-06,SC Freiburg,Eintracht Frankfurt,1-3,1-2
25,1994-03-11,Eintracht Frankfurt,Bayer Leverkusen,2-0,1-0
25,1994-03-11,Borussia Dortmund,MSV Duisburg,2-1,1-0
25,1994-03-12,1. FC Kaiserslautern,SC Freiburg,1-0,1-0
25,1994-03-12,1. FC Nürnberg,FC Schalke 04,1-0,0-0
25,1994-03-12,Werder Bremen,Karlsruher SC,0-2,0-0
25,1994-03-12,SG Wattenscheid 09,Bayern München,1-3,0-0
25,1994-03-12,Hamburger SV,VfB Leipzig,3-0,2-0
25,1994-03-12,Bor. Mönchengladbach,Dynamo Dresden,2-1,2-1
25,1994-03-13,1. FC Köln,VfB Stuttgart,3-1,1-1
26,1994-03-18,MSV Duisburg,Hamburger SV,0-1,0-0
26,1994-03-18,VfB Leipzig,1. FC Köln,2-3,0-0
26,1994-03-19,VfB Stuttgart,Bor. Mönchengladbach,3-0,2-0
26,1994-03-19,FC Schalke 04,Karlsruher SC,2-0,0-0
26,1994-03-19,SC Freiburg,1. FC Nürnberg,0-0,0-0
26,1994-03-19,Bayer Leverkusen,1. FC Kaiserslautern,3-2,1-1
26,1994-03-19,Dynamo Dresden,Eintracht Frankfurt,0-4,0-1
26,1994-03-20,Bayern München,Borussia Dortmund,0-0,0-0
26,1994-03-22,SG Wattenscheid 09,Werder Bremen,2-2,1-1
27,1994-03-25,Karlsruher SC,SC Freiburg,2-1,1-1
27,1994-03-25,Werder Bremen,FC Schalke 04,0-1,0-1
27,1994-03-25,1. FC Kaiserslautern,Dynamo Dresden,0-0,0-0
27,1994-03-26,Eintracht Frankfurt,VfB Stuttgart,0-0,0-0
27,1994-03-26,1. FC Nürnberg,Bayer Leverkusen,2-3,1-1
27,1994-03-26,Borussia Dortmund,SG Wattenscheid 09,2-0,1-0
27,1994-03-26,1. FC Köln,MSV Duisburg,1-0,1-0
27,1994-03-26,Bor. Mönchengladbach,VfB Leipzig,6-1,3-0
27,1994-03-27,Hamburger SV,Bayern München,1-2,0-0
28,1994-03-31,MSV Duisburg,Bor. Mönchengladbach,2-0,1-0
28,1994-03-31,SG Wattenscheid 09,Hamburger SV,3-1,0-0
28,1994-03-31,Dynamo Dresden,1. FC Nürnberg,1-1,0-1
28,1994-03-31,VfB Stuttgart,1. FC Kaiserslautern,1-1,1-1
28,1994-04-02,Bayern München,1. FC Köln,1-0,0-0
28,1994-04-02,SC Freiburg,FC Schalke 04,2-3,1-1
28,1994-04-02,Bayer Leverkusen,Karlsruher SC,3-1,1-0
28,1994-04-02,VfB Leipzig,Eintracht Frankfurt,1-0,1-0
28,1994-04-02,Borussia Dortmund,Werder Bremen,3-2,0-1
29,1994-04-05,1. FC Nürnberg,VfB Stuttgart,1-0,0-0
29,1994-04-05,Hamburger SV,Borussia Dortmund,0-0,0-0
29,1994-04-05,1. FC Köln,SG Wattenscheid 09,3-2,2-0
29,1994-04-05,Bor. Mönchengladbach,Bayern München,2-0,0-0
29,1994-04-05,1. FC Kaiserslautern,VfB Leipzig,1-0,0-0
29,1994-04-06,FC Schalke 04,Bayer Leverkusen,1-1,1-0
29,1994-04-06,Werder Bremen,SC Freiburg,3-2,2-1
29,1994-04-06,Eintracht Frankfurt,MSV Duisburg,1-2,0-1
29,1994-04-06,Karlsruher SC,Dynamo Dresden,1-0,0-0
30,1994-04-08,Borussia Dortmund,1. FC Köln,2-1,2-1
30,1994-04-08,VfB Leipzig,1. FC Nürnberg,0-2,0-1
30,1994-04-09,SG Wattenscheid 09,Bor. Mönchengladbach,3-1,1-1
30,1994-04-09,Bayer Leverkusen,SC Freiburg,2-1,1-0
30,1994-04-09,Dynamo Dresden,FC Schalke 04,1-0,0-0
30,1994-04-09,VfB Stuttgart,Karlsruher SC,3-0,1-0
30,1994-04-09,Bayern München,Eintracht Frankfurt,2-1,1-1
30,1994-04-09,Hamburger SV,Werder Bremen,1-1,1-1
30,1994-04-10,MSV Duisburg,1. FC Kaiserslautern,1-7,0-1
31,1994-04-14,1. FC Kaiserslautern,Bayern München,4-0,0-0
31,1994-04-15,SC Freiburg,Dynamo Dresden,0-1,0-0
31,1994-04-15,1. FC Köln,Hamburger SV,3-0,1-0
31,1994-04-16,FC Schalke 04,VfB Stuttgart,0-1,0-1
31,1994-04-16,Werder Bremen,Bayer Leverkusen,2-1,1-0
31,1994-04-16,Eintracht Frankfurt,SG Wattenscheid 09,5-1,2-0
31,1994-04-16,1. FC Nürnberg,MSV Duisburg,0-0,0-0
31,1994-04-16,Karlsruher SC,VfB Leipzig,3-2,2-0
31,1994-04-17,Bor. Mönchengladbach,Borussia Dortmund,0-0,0-0
32,1994-04-22,SG Wattenscheid 09,1. FC Kaiserslautern,0-2,0-0
32,1994-04-22,Werder Bremen,1. FC Köln,3-1,2-1
32,1994-04-23,Hamburger SV,Bor. Mönchengladbach,1-3,0-1
32,1994-04-23,VfB Stuttgart,SC Freiburg,0-4,0-1
32,1994-04-23,VfB Leipzig,FC Schalke 04,2-2,0-2
32,1994-04-23,MSV Duisburg,Karlsruher SC,1-2,0-0
32,1994-04-23,Borussia Dortmund,Eintracht Frankfurt,2-0,1-0
32,1994-04-24,Bayer Leverkusen,Dynamo Dresden,1-1,0-0
32,1994-05-03,Bayern München,1. FC Nürnberg,5-0,0-0
33,1994-04-30,Bayer Leverkusen,VfB Stuttgart,1-1,0-1
33,1994-04-30,Bor. Mönchengladbach,1. FC Köln,4-1,0-1
33,1994-04-30,Eintracht Frankfurt,Hamburger SV,1-1,1-1
33,1994-04-30,1. FC Kaiserslautern,Borussia Dortmund,2-0,1-0
33,1994-04-30,1. FC Nürnberg,SG Wattenscheid 09,4-1,2-0
33,1994-04-30,Karlsruher SC,Bayern München,1-1,1-1
33,1994-04-30,FC Schalke 04,MSV Duisburg,1-3,0-1
33,1994-04-30,SC Freiburg,VfB Leipzig,1-0,0-0
33,1994-04-30,Dynamo Dresden,Werder Bremen,1-0,0-0
34,1994-05-07,Werder Bremen,Bor. Mönchengladbach,4-2,1-1
34,1994-05-07,VfB Leipzig,Bayer Leverkusen,2-3,1-2
34,1994-05-07,MSV Duisburg,SC Freiburg,0-2,0-1
34,1994-05-07,Bayern München,FC Schalke 04,2-0,0-0
34,1994-05-07,SG Wattenscheid 09,Karlsruher SC,5-1,2-0
34,1994-05-07,Borussia Dortmund,1. FC Nürnberg,4-1,2-1
34,1994-05-07,Hamburger SV,1. FC Kaiserslautern,1-3,1-1
34,1994-05-07,1. FC Köln,Eintracht Frankfurt,2-3,0-1
34,1994-05-07,VfB Stuttgart,Dynamo Dresden,3-0,2-0
