Round,Date,Team 1,Team 2,FT,HT
1,1974-08-24,FC Schalke 04,1. FC Kaiserslautern,2-1,1-1
1,1974-08-24,Wuppertaler SV,MSV Duisburg,1-4,1-2
1,1974-08-24,1. FC Köln,Rot-Weiss Essen,0-1,0-1
1,1974-08-24,Bor. Mönchengladbach,Hamburger SV,1-3,0-1
1,1974-08-24,Kickers Offenbach,Bayern München,6-0,2-0
1,1974-08-24,Werder Bremen,Eintracht Frankfurt,0-3,0-2
1,1974-08-24,Hertha BSC,Fortuna Düsseldorf,3-3,1-2
1,1974-08-24,Eintracht Braunschweig,TeBe Berlin,5-0,3-0
1,1974-08-24,VfB Stuttgart,VfL Bochum,1-0,0-0
2,1974-08-30,Hamburger SV,Kickers Offenbach,1-0,0-0
2,1974-08-30,1. FC Kaiserslautern,Eintracht Braunschweig,2-0,0-0
2,1974-08-30,Fortuna Düsseldorf,VfB Stuttgart,4-0,1-0
2,1974-08-31,Rot-Weiss Essen,Wuppertaler SV,2-0,0-0
2,1974-08-31,TeBe Berlin,Werder Bremen,4-0,2-0
2,1974-08-31,Eintracht Frankfurt,Bor. Mönchengladbach,1-1,1-0
2,1974-08-31,VfL Bochum,1. FC Köln,3-2,2-2
2,1974-08-31,MSV Duisburg,FC Schalke 04,2-0,0-0
2,1974-08-31,Bayern München,Hertha BSC,2-1,1-0
3,1974-09-10,Bor. Mönchengladbach,TeBe Berlin,3-1,1-1
3,1974-09-11,Werder Bremen,1. FC Kaiserslautern,3-1,0-1
3,1974-09-11,Hertha BSC,Kickers Offenbach,4-1,1-0
3,1974-09-11,Eintracht Frankfurt,Hamburger SV,1-3,0-2
3,1974-09-11,VfB Stuttgart,Bayern München,1-2,0-0
3,1974-09-11,Wuppertaler SV,VfL Bochum,1-1,0-0
3,1974-09-11,Eintracht Braunschweig,MSV Duisburg,4-1,1-0
3,1974-09-11,1. FC Köln,Fortuna Düsseldorf,2-2,2-0
3,1974-09-11,FC Schalke 04,Rot-Weiss Essen,3-0,0-0
4,1974-09-14,Fortuna Düsseldorf,Wuppertaler SV,2-0,1-0
4,1974-09-14,Rot-Weiss Essen,Eintracht Braunschweig,1-2,0-1
4,1974-09-14,Bayern München,1. FC Köln,6-3,2-3
4,1974-09-14,TeBe Berlin,Eintracht Frankfurt,1-4,1-2
4,1974-09-14,Hamburger SV,Hertha BSC,1-1,0-1
4,1974-09-14,MSV Duisburg,Werder Bremen,4-0,2-0
4,1974-09-14,1. FC Kaiserslautern,Bor. Mönchengladbach,1-3,1-1
4,1974-09-14,Kickers Offenbach,VfB Stuttgart,3-1,1-0
4,1974-09-14,VfL Bochum,FC Schalke 04,2-1,1-1
5,1974-09-21,Wuppertaler SV,Bayern München,3-1,1-0
5,1974-09-21,Eintracht Frankfurt,1. FC Kaiserslautern,5-1,1-0
5,1974-09-21,TeBe Berlin,Hamburger SV,0-3,0-1
5,1974-09-21,VfB Stuttgart,Hertha BSC,1-2,1-1
5,1974-09-21,1. FC Köln,Kickers Offenbach,0-1,0-0
5,1974-09-21,Werder Bremen,Rot-Weiss Essen,0-0,0-0
5,1974-09-21,Eintracht Braunschweig,VfL Bochum,2-0,1-0
5,1974-09-21,FC Schalke 04,Fortuna Düsseldorf,3-0,2-0
5,1974-09-21,Bor. Mönchengladbach,MSV Duisburg,4-1,1-0
6,1974-09-27,Kickers Offenbach,Wuppertaler SV,3-1,1-0
6,1974-09-27,1. FC Kaiserslautern,TeBe Berlin,4-0,1-0
6,1974-09-28,Rot-Weiss Essen,Bor. Mönchengladbach,1-3,1-1
6,1974-09-28,Hertha BSC,1. FC Köln,1-1,1-0
6,1974-09-28,MSV Duisburg,Eintracht Frankfurt,1-3,0-1
6,1974-09-28,Fortuna Düsseldorf,Eintracht Braunschweig,2-2,1-0
6,1974-09-28,VfL Bochum,Werder Bremen,3-1,1-0
6,1974-09-28,Hamburger SV,VfB Stuttgart,1-0,0-0
6,1974-09-28,Bayern München,FC Schalke 04,0-2,0-0
7,1974-10-04,Werder Bremen,Fortuna Düsseldorf,0-0,0-0
7,1974-10-05,Bor. Mönchengladbach,VfL Bochum,3-0,2-0
7,1974-10-05,Eintracht Braunschweig,Bayern München,3-1,2-0
7,1974-10-05,FC Schalke 04,Kickers Offenbach,2-0,2-0
7,1974-10-05,Eintracht Frankfurt,Rot-Weiss Essen,9-1,4-1
7,1974-10-05,Wuppertaler SV,Hertha BSC,0-0,0-0
7,1974-10-05,TeBe Berlin,MSV Duisburg,2-3,1-1
7,1974-10-05,1. FC Köln,VfB Stuttgart,4-2,2-1
7,1974-10-05,1. FC Kaiserslautern,Hamburger SV,1-0,1-0
8,1974-10-09,Kickers Offenbach,Eintracht Braunschweig,2-1,2-0
8,1974-10-09,Hamburger SV,1. FC Köln,3-1,2-0
8,1974-10-09,MSV Duisburg,1. FC Kaiserslautern,3-2,2-1
8,1974-10-09,VfB Stuttgart,Wuppertaler SV,5-1,3-1
8,1974-10-09,Rot-Weiss Essen,TeBe Berlin,3-2,1-0
8,1974-10-09,Hertha BSC,FC Schalke 04,1-0,0-0
8,1974-10-09,VfL Bochum,Eintracht Frankfurt,3-1,2-0
8,1974-10-09,Bayern München,Werder Bremen,2-0,1-0
8,1974-10-09,Fortuna Düsseldorf,Bor. Mönchengladbach,3-2,1-1
9,1974-10-12,TeBe Berlin,VfL Bochum,2-0,0-0
9,1974-10-12,Wuppertaler SV,1. FC Köln,1-4,0-1
9,1974-10-12,MSV Duisburg,Hamburger SV,2-0,1-0
9,1974-10-12,Eintracht Frankfurt,Fortuna Düsseldorf,4-0,2-0
9,1974-10-12,Bor. Mönchengladbach,Bayern München,1-2,1-0
9,1974-10-12,Werder Bremen,Kickers Offenbach,3-6,2-0
9,1974-10-12,1. FC Kaiserslautern,Rot-Weiss Essen,2-0,0-0
9,1974-10-12,Eintracht Braunschweig,Hertha BSC,2-1,1-0
9,1974-10-12,FC Schalke 04,VfB Stuttgart,2-0,1-0
10,1974-10-18,Kickers Offenbach,Bor. Mönchengladbach,4-3,1-2
10,1974-10-19,Hamburger SV,Wuppertaler SV,4-1,1-1
10,1974-10-19,Rot-Weiss Essen,MSV Duisburg,3-0,2-0
10,1974-10-19,1. FC Köln,FC Schalke 04,4-2,1-2
10,1974-10-19,VfB Stuttgart,Eintracht Braunschweig,0-0,0-0
10,1974-10-19,Bayern München,Eintracht Frankfurt,2-1,0-1
10,1974-10-19,Hertha BSC,Werder Bremen,2-0,0-0
10,1974-10-19,Fortuna Düsseldorf,TeBe Berlin,3-2,3-0
10,1974-10-19,VfL Bochum,1. FC Kaiserslautern,4-0,4-0
11,1974-10-31,1. FC Kaiserslautern,Fortuna Düsseldorf,1-0,1-0
11,1974-11-02,Eintracht Frankfurt,Kickers Offenbach,0-0,0-0
11,1974-11-02,FC Schalke 04,Wuppertaler SV,1-0,0-0
11,1974-11-02,Eintracht Braunschweig,1. FC Köln,1-4,1-2
11,1974-11-02,TeBe Berlin,Bayern München,2-2,1-0
11,1974-11-02,MSV Duisburg,VfL Bochum,3-1,2-1
11,1974-11-02,Bor. Mönchengladbach,Hertha BSC,1-1,0-1
11,1974-11-02,Rot-Weiss Essen,Hamburger SV,0-0,0-0
11,1974-11-26,Werder Bremen,VfB Stuttgart,5-2,1-1
12,1974-11-08,Kickers Offenbach,TeBe Berlin,3-2,3-1
12,1974-11-09,VfL Bochum,Rot-Weiss Essen,2-2,2-1
12,1974-11-09,Hertha BSC,Eintracht Frankfurt,2-1,1-0
12,1974-11-09,Bayern München,1. FC Kaiserslautern,2-5,1-1
12,1974-11-09,VfB Stuttgart,Bor. Mönchengladbach,1-2,0-1
12,1974-11-09,Fortuna Düsseldorf,MSV Duisburg,1-1,0-1
12,1974-11-09,Wuppertaler SV,Eintracht Braunschweig,0-1,0-1
12,1974-11-09,1. FC Köln,Werder Bremen,3-1,1-0
12,1974-11-09,Hamburger SV,FC Schalke 04,1-1,0-0
13,1974-11-16,MSV Duisburg,Bayern München,2-1,2-0
13,1974-11-16,Werder Bremen,Wuppertaler SV,2-1,0-1
13,1974-11-16,TeBe Berlin,Hertha BSC,0-3,0-0
13,1974-11-16,Bor. Mönchengladbach,1. FC Köln,1-1,1-1
13,1974-11-16,Rot-Weiss Essen,Fortuna Düsseldorf,1-2,0-0
13,1974-11-16,Eintracht Braunschweig,FC Schalke 04,1-0,1-0
13,1974-11-16,VfL Bochum,Hamburger SV,4-2,1-1
13,1974-11-16,Eintracht Frankfurt,VfB Stuttgart,5-5,3-2
13,1974-11-17,1. FC Kaiserslautern,Kickers Offenbach,1-2,0-1
14,1974-11-22,Hamburger SV,Eintracht Braunschweig,0-0,0-0
14,1974-11-23,VfB Stuttgart,TeBe Berlin,2-1,1-0
14,1974-11-23,FC Schalke 04,Werder Bremen,2-0,2-0
14,1974-11-23,Kickers Offenbach,MSV Duisburg,3-3,1-2
14,1974-11-23,Bayern München,Rot-Weiss Essen,2-2,1-2
14,1974-11-23,Wuppertaler SV,Bor. Mönchengladbach,1-5,0-1
14,1974-11-23,Fortuna Düsseldorf,VfL Bochum,0-1,0-0
14,1974-11-23,1. FC Köln,Eintracht Frankfurt,0-0,0-0
14,1974-11-23,Hertha BSC,1. FC Kaiserslautern,2-1,1-0
15,1974-11-29,VfL Bochum,Bayern München,3-0,2-0
15,1974-11-30,TeBe Berlin,1. FC Köln,2-3,1-1
15,1974-11-30,MSV Duisburg,Hertha BSC,1-3,0-2
15,1974-11-30,Eintracht Frankfurt,Wuppertaler SV,5-0,4-0
15,1974-11-30,Rot-Weiss Essen,Kickers Offenbach,5-1,2-1
15,1974-11-30,Eintracht Braunschweig,Werder Bremen,0-0,0-0
15,1974-11-30,Hamburger SV,Fortuna Düsseldorf,2-1,1-1
15,1974-11-30,1. FC Kaiserslautern,VfB Stuttgart,6-0,2-0
15,1975-01-22,Bor. Mönchengladbach,FC Schalke 04,1-0,0-0
16,1974-12-06,Kickers Offenbach,VfL Bochum,2-0,1-0
16,1974-12-07,VfB Stuttgart,MSV Duisburg,2-1,1-0
16,1974-12-07,Bayern München,Fortuna Düsseldorf,4-0,2-0
16,1974-12-10,FC Schalke 04,Eintracht Frankfurt,1-1,1-0
16,1974-12-21,Hertha BSC,Rot-Weiss Essen,4-2,1-1
16,1974-12-21,Wuppertaler SV,TeBe Berlin,2-0,0-0
16,1974-12-21,Werder Bremen,Hamburger SV,1-0,0-0
16,1975-01-18,1. FC Köln,1. FC Kaiserslautern,2-0,0-0
16,1975-01-18,Eintracht Braunschweig,Bor. Mönchengladbach,1-3,1-2
17,1974-12-14,Hamburger SV,Bayern München,1-0,1-0
17,1974-12-14,Bor. Mönchengladbach,Werder Bremen,4-2,3-1
17,1974-12-14,Eintracht Frankfurt,Eintracht Braunschweig,2-0,0-0
17,1974-12-14,VfL Bochum,Hertha BSC,4-0,0-0
17,1974-12-14,TeBe Berlin,FC Schalke 04,0-2,0-1
17,1974-12-14,Rot-Weiss Essen,VfB Stuttgart,3-1,2-1
17,1974-12-14,1. FC Kaiserslautern,Wuppertaler SV,2-0,2-0
17,1975-01-18,Fortuna Düsseldorf,Kickers Offenbach,3-2,0-0
17,1975-01-22,MSV Duisburg,1. FC Köln,1-3,1-0
18,1975-01-25,1. FC Kaiserslautern,FC Schalke 04,1-1,1-1
18,1975-01-25,MSV Duisburg,Wuppertaler SV,2-2,2-2
18,1975-01-25,Rot-Weiss Essen,1. FC Köln,1-1,0-0
18,1975-01-25,Hamburger SV,Bor. Mönchengladbach,1-1,0-0
18,1975-01-25,Bayern München,Kickers Offenbach,2-3,2-1
18,1975-01-25,Eintracht Frankfurt,Werder Bremen,2-1,1-1
18,1975-01-25,Fortuna Düsseldorf,Hertha BSC,0-0,0-0
18,1975-01-25,TeBe Berlin,Eintracht Braunschweig,2-2,1-2
18,1975-01-25,VfL Bochum,VfB Stuttgart,1-0,0-0
19,1975-02-01,Kickers Offenbach,Hamburger SV,4-1,1-1
19,1975-02-01,Eintracht Braunschweig,1. FC Kaiserslautern,3-2,2-1
19,1975-02-01,VfB Stuttgart,Fortuna Düsseldorf,1-1,1-1
19,1975-02-01,Wuppertaler SV,Rot-Weiss Essen,0-2,0-1
19,1975-02-01,Werder Bremen,TeBe Berlin,1-1,0-1
19,1975-02-01,Bor. Mönchengladbach,Eintracht Frankfurt,3-0,3-0
19,1975-02-01,1. FC Köln,VfL Bochum,4-1,4-0
19,1975-02-01,FC Schalke 04,MSV Duisburg,5-0,2-0
19,1975-02-01,Hertha BSC,Bayern München,4-1,1-1
20,1975-02-15,TeBe Berlin,Bor. Mönchengladbach,1-4,1-1
20,1975-02-15,1. FC Kaiserslautern,Werder Bremen,4-1,4-1
20,1975-02-15,Kickers Offenbach,Hertha BSC,3-1,1-1
20,1975-02-15,Hamburger SV,Eintracht Frankfurt,3-1,1-0
20,1975-02-15,Bayern München,VfB Stuttgart,1-1,0-1
20,1975-02-15,VfL Bochum,Wuppertaler SV,4-2,3-2
20,1975-02-15,MSV Duisburg,Eintracht Braunschweig,3-2,2-1
20,1975-02-15,Fortuna Düsseldorf,1. FC Köln,3-0,1-0
20,1975-02-15,Rot-Weiss Essen,FC Schalke 04,4-4,2-3
21,1975-02-22,Wuppertaler SV,Fortuna Düsseldorf,2-3,2-1
21,1975-02-22,Eintracht Braunschweig,Rot-Weiss Essen,4-2,2-1
21,1975-02-22,1. FC Köln,Bayern München,1-0,1-0
21,1975-02-22,Eintracht Frankfurt,TeBe Berlin,7-1,3-0
21,1975-02-22,Hertha BSC,Hamburger SV,1-0,0-0
21,1975-02-22,Werder Bremen,MSV Duisburg,3-1,0-0
21,1975-02-22,Bor. Mönchengladbach,1. FC Kaiserslautern,3-0,0-0
21,1975-02-22,VfB Stuttgart,Kickers Offenbach,3-1,1-0
21,1975-02-22,FC Schalke 04,VfL Bochum,1-0,1-0
22,1975-02-01,1. FC Kaiserslautern,Eintracht Frankfurt,2-2,2-2
22,1975-02-01,Hertha BSC,VfB Stuttgart,4-0,1-0
22,1975-02-01,Kickers Offenbach,1. FC Köln,1-4,0-2
22,1975-02-01,Rot-Weiss Essen,Werder Bremen,1-1,1-1
22,1975-02-01,VfL Bochum,Eintracht Braunschweig,1-0,0-0
22,1975-02-01,Fortuna Düsseldorf,FC Schalke 04,2-1,2-0
22,1975-02-01,MSV Duisburg,Bor. Mönchengladbach,1-1,0-1
22,1975-02-28,Hamburger SV,TeBe Berlin,4-0,2-0
22,1975-03-01,Bayern München,Wuppertaler SV,3-1,2-0
23,1975-03-07,Wuppertaler SV,Kickers Offenbach,0-0,0-0
23,1975-03-07,Eintracht Frankfurt,MSV Duisburg,4-1,4-0
23,1975-03-08,TeBe Berlin,1. FC Kaiserslautern,3-2,0-0
23,1975-03-08,Bor. Mönchengladbach,Rot-Weiss Essen,1-1,1-1
23,1975-03-08,1. FC Köln,Hertha BSC,2-1,1-0
23,1975-03-08,Eintracht Braunschweig,Fortuna Düsseldorf,3-0,3-0
23,1975-03-08,Werder Bremen,VfL Bochum,3-0,1-0
23,1975-03-08,VfB Stuttgart,Hamburger SV,1-2,0-2
23,1975-03-08,FC Schalke 04,Bayern München,2-2,2-0
24,1975-03-21,MSV Duisburg,TeBe Berlin,2-3,0-2
24,1975-03-22,Fortuna Düsseldorf,Werder Bremen,4-1,1-0
24,1975-03-22,VfL Bochum,Bor. Mönchengladbach,0-0,0-0
24,1975-03-22,Bayern München,Eintracht Braunschweig,1-0,0-0
24,1975-03-22,Kickers Offenbach,FC Schalke 04,3-0,3-0
24,1975-03-22,Rot-Weiss Essen,Eintracht Frankfurt,0-5,0-1
24,1975-03-22,Hertha BSC,Wuppertaler SV,2-0,2-0
24,1975-03-22,VfB Stuttgart,1. FC Köln,2-0,2-0
24,1975-03-22,Hamburger SV,1. FC Kaiserslautern,2-0,1-0
25,1975-03-26,1. FC Köln,Hamburger SV,4-0,1-0
25,1975-03-26,Bor. Mönchengladbach,Fortuna Düsseldorf,3-1,2-0
25,1975-03-27,TeBe Berlin,Rot-Weiss Essen,1-0,1-0
25,1975-03-27,1. FC Kaiserslautern,MSV Duisburg,2-0,1-0
25,1975-03-27,FC Schalke 04,Hertha BSC,1-0,0-0
25,1975-03-27,Werder Bremen,Bayern München,0-2,0-0
25,1975-04-12,Eintracht Braunschweig,Kickers Offenbach,1-0,1-0
25,1975-04-12,Wuppertaler SV,VfB Stuttgart,2-2,0-1
25,1975-04-22,Eintracht Frankfurt,VfL Bochum,4-1,3-1
26,1975-04-01,VfL Bochum,TeBe Berlin,0-0,0-0
26,1975-04-01,1. FC Köln,Wuppertaler SV,4-0,1-0
26,1975-04-01,Hamburger SV,MSV Duisburg,2-3,1-1
26,1975-04-01,Fortuna Düsseldorf,Eintracht Frankfurt,2-2,1-2
26,1975-04-01,Kickers Offenbach,Werder Bremen,5-1,3-1
26,1975-04-01,Rot-Weiss Essen,1. FC Kaiserslautern,3-1,2-0
26,1975-04-01,Hertha BSC,Eintracht Braunschweig,3-1,1-0
26,1975-04-01,VfB Stuttgart,FC Schalke 04,3-1,1-0
26,1975-04-13,Bayern München,Bor. Mönchengladbach,1-1,0-0
27,1975-04-05,Bor. Mönchengladbach,Kickers Offenbach,5-2,3-1
27,1975-04-05,Wuppertaler SV,Hamburger SV,0-4,0-1
27,1975-04-05,MSV Duisburg,Rot-Weiss Essen,3-3,2-0
27,1975-04-05,Eintracht Braunschweig,VfB Stuttgart,6-0,4-0
27,1975-04-05,Eintracht Frankfurt,Bayern München,2-0,1-0
27,1975-04-05,Werder Bremen,Hertha BSC,4-0,2-0
27,1975-04-05,TeBe Berlin,Fortuna Düsseldorf,1-4,0-3
27,1975-04-05,1. FC Kaiserslautern,VfL Bochum,1-0,0-0
27,1975-04-15,FC Schalke 04,1. FC Köln,1-1,0-0
28,1975-04-18,Fortuna Düsseldorf,1. FC Kaiserslautern,2-0,2-0
28,1975-04-19,Kickers Offenbach,Eintracht Frankfurt,2-1,0-1
28,1975-04-19,Wuppertaler SV,FC Schalke 04,0-1,0-1
28,1975-04-19,1. FC Köln,Eintracht Braunschweig,3-0,3-0
28,1975-04-19,Bayern München,TeBe Berlin,3-1,3-0
28,1975-04-19,VfL Bochum,MSV Duisburg,1-2,0-2
28,1975-04-19,Hertha BSC,Bor. Mönchengladbach,2-1,1-1
28,1975-04-19,Hamburger SV,Rot-Weiss Essen,2-2,1-0
28,1975-04-19,VfB Stuttgart,Werder Bremen,2-2,1-0
29,1975-05-03,TeBe Berlin,Kickers Offenbach,0-2,0-1
29,1975-05-03,Rot-Weiss Essen,VfL Bochum,1-1,0-0
29,1975-05-03,Eintracht Frankfurt,Hertha BSC,1-2,1-0
29,1975-05-03,1. FC Kaiserslautern,Bayern München,0-1,0-0
29,1975-05-03,Bor. Mönchengladbach,VfB Stuttgart,5-1,2-0
29,1975-05-03,MSV Duisburg,Fortuna Düsseldorf,0-3,0-2
29,1975-05-03,Eintracht Braunschweig,Wuppertaler SV,1-1,0-0
29,1975-05-03,Werder Bremen,1. FC Köln,4-1,2-1
29,1975-05-03,FC Schalke 04,Hamburger SV,3-1,2-1
30,1975-05-09,Kickers Offenbach,1. FC Kaiserslautern,2-2,2-0
30,1975-05-10,Bayern München,MSV Duisburg,2-1,1-0
30,1975-05-10,Wuppertaler SV,Werder Bremen,2-4,0-2
30,1975-05-10,Hertha BSC,TeBe Berlin,2-1,1-1
30,1975-05-10,1. FC Köln,Bor. Mönchengladbach,1-2,1-1
30,1975-05-10,Fortuna Düsseldorf,Rot-Weiss Essen,4-0,2-0
30,1975-05-10,FC Schalke 04,Eintracht Braunschweig,1-1,1-1
30,1975-05-10,Hamburger SV,VfL Bochum,3-2,1-1
30,1975-05-10,VfB Stuttgart,Eintracht Frankfurt,3-4,1-1
31,1975-05-23,MSV Duisburg,Kickers Offenbach,2-1,0-0
31,1975-05-23,Eintracht Frankfurt,1. FC Köln,3-2,3-1
31,1975-05-23,1. FC Kaiserslautern,Hertha BSC,3-0,2-0
31,1975-05-24,Eintracht Braunschweig,Hamburger SV,1-2,1-2
31,1975-05-24,TeBe Berlin,VfB Stuttgart,1-1,0-1
31,1975-05-24,Werder Bremen,FC Schalke 04,0-1,0-1
31,1975-05-24,Rot-Weiss Essen,Bayern München,2-2,0-1
31,1975-05-24,Bor. Mönchengladbach,Wuppertaler SV,6-2,3-1
31,1975-05-24,VfL Bochum,Fortuna Düsseldorf,4-2,1-1
32,1975-05-29,Kickers Offenbach,Rot-Weiss Essen,1-3,0-0
32,1975-05-30,Hertha BSC,MSV Duisburg,3-0,0-0
32,1975-05-31,Bayern München,VfL Bochum,2-1,0-1
32,1975-05-31,1. FC Köln,TeBe Berlin,7-1,2-0
32,1975-05-31,Wuppertaler SV,Eintracht Frankfurt,2-3,0-3
32,1975-05-31,Werder Bremen,Eintracht Braunschweig,0-0,0-0
32,1975-05-31,Fortuna Düsseldorf,Hamburger SV,0-0,0-0
32,1975-05-31,VfB Stuttgart,1. FC Kaiserslautern,0-1,0-0
32,1975-05-31,FC Schalke 04,Bor. Mönchengladbach,1-3,0-2
33,1975-06-07,VfL Bochum,Kickers Offenbach,3-1,1-1
33,1975-06-07,Eintracht Frankfurt,FC Schalke 04,2-1,0-1
33,1975-06-07,MSV Duisburg,VfB Stuttgart,3-3,0-1
33,1975-06-07,Fortuna Düsseldorf,Bayern München,6-5,2-4
33,1975-06-07,Rot-Weiss Essen,Hertha BSC,2-1,0-1
33,1975-06-07,TeBe Berlin,Wuppertaler SV,0-0,0-0
33,1975-06-07,Hamburger SV,Werder Bremen,2-0,2-0
33,1975-06-07,1. FC Kaiserslautern,1. FC Köln,1-1,1-0
33,1975-06-07,Bor. Mönchengladbach,Eintracht Braunschweig,2-0,0-0
34,1975-06-14,Bayern München,Hamburger SV,0-1,0-1
34,1975-06-14,Werder Bremen,Bor. Mönchengladbach,1-4,1-2
34,1975-06-14,Eintracht Braunschweig,Eintracht Frankfurt,2-0,0-0
34,1975-06-14,Hertha BSC,VfL Bochum,4-2,3-0
34,1975-06-14,FC Schalke 04,TeBe Berlin,3-0,1-0
34,1975-06-14,VfB Stuttgart,Rot-Weiss Essen,3-2,3-1
34,1975-06-14,Wuppertaler SV,1. FC Kaiserslautern,3-3,1-3
34,1975-06-14,1. FC Köln,MSV Duisburg,4-2,3-2
34,1975-06-14,Kickers Offenbach,Fortuna Düsseldorf,2-3,1-2
