Round,Date,Team 1,Team 2,FT,HT
1,1996-08-16,FC St. Pauli,Bayern München,1-2,1-2
1,1996-08-16,Bor. Mönchengladbach,Arminia Bielefeld,0-0,0-0
1,1996-08-17,VfL Bochum,MSV Duisburg,1-0,1-0
1,1996-08-17,Bayer Leverkusen,Borussia Dortmund,4-2,2-2
1,1996-08-17,Hansa Rostock,Karlsruher SC,2-2,0-1
1,1996-08-17,SC Freiburg,Werder Bremen,3-2,2-0
1,1996-08-17,VfB Stuttgart,FC Schalke 04,4-0,2-0
1,1996-08-17,TSV 1860 München,Hamburger SV,2-1,0-0
1,1996-08-18,Fortuna Düsseldorf,1. FC Köln,0-3,0-1
2,1996-08-20,Arminia Bielefeld,FC St. Pauli,1-2,0-1
2,1996-08-20,Hamburger SV,SC Freiburg,5-1,4-0
2,1996-08-20,Werder Bremen,Hansa Rostock,1-1,0-1
2,1996-08-20,FC Schalke 04,Bor. Mönchengladbach,0-0,0-0
2,1996-08-21,Borussia Dortmund,Fortuna Düsseldorf,4-0,2-0
2,1996-08-21,Bayern München,VfL Bochum,1-1,0-0
2,1996-08-21,MSV Duisburg,Bayer Leverkusen,1-3,0-0
2,1996-08-21,1. FC Köln,TSV 1860 München,1-0,1-0
2,1996-09-17,Karlsruher SC,VfB Stuttgart,0-2,0-1
3,1996-08-23,FC St. Pauli,FC Schalke 04,4-4,1-3
3,1996-08-23,Hansa Rostock,Hamburger SV,0-1,0-0
3,1996-08-24,SC Freiburg,1. FC Köln,1-3,0-1
3,1996-08-24,Bor. Mönchengladbach,Karlsruher SC,1-3,1-2
3,1996-08-24,TSV 1860 München,Borussia Dortmund,1-3,1-0
3,1996-08-24,VfB Stuttgart,Werder Bremen,2-1,0-0
3,1996-08-24,Bayer Leverkusen,Fortuna Düsseldorf,0-1,0-0
3,1996-08-24,VfL Bochum,Arminia Bielefeld,1-1,0-0
3,1996-08-25,MSV Duisburg,Bayern München,0-4,0-2
4,1996-08-27,Borussia Dortmund,SC Freiburg,3-1,2-0
4,1996-08-27,Hamburger SV,VfB Stuttgart,0-4,0-1
4,1996-08-27,Werder Bremen,Bor. Mönchengladbach,1-0,1-0
4,1996-08-27,FC Schalke 04,VfL Bochum,1-1,1-0
4,1996-08-28,Karlsruher SC,FC St. Pauli,4-0,1-0
4,1996-08-28,Bayern München,Bayer Leverkusen,4-2,3-1
4,1996-08-28,Fortuna Düsseldorf,TSV 1860 München,0-0,0-0
4,1996-08-28,1. FC Köln,Hansa Rostock,0-2,0-1
4,1996-08-28,Arminia Bielefeld,MSV Duisburg,1-1,0-0
5,1996-09-06,SC Freiburg,Fortuna Düsseldorf,1-2,1-1
5,1996-09-06,Bor. Mönchengladbach,Hamburger SV,3-0,3-0
5,1996-09-07,Bayer Leverkusen,TSV 1860 München,3-0,2-0
5,1996-09-07,Hansa Rostock,Borussia Dortmund,0-1,0-0
5,1996-09-07,Bayern München,Arminia Bielefeld,1-0,0-0
5,1996-09-07,VfL Bochum,Karlsruher SC,3-1,1-0
5,1996-09-07,FC St. Pauli,Werder Bremen,0-3,0-2
5,1996-09-07,MSV Duisburg,FC Schalke 04,0-1,0-1
5,1996-09-08,VfB Stuttgart,1. FC Köln,4-0,0-0
6,1996-09-13,Werder Bremen,VfL Bochum,5-1,3-0
6,1996-09-13,Fortuna Düsseldorf,Hansa Rostock,0-2,0-1
6,1996-09-14,Borussia Dortmund,VfB Stuttgart,1-1,0-1
6,1996-09-14,Karlsruher SC,MSV Duisburg,1-0,1-0
6,1996-09-14,FC Schalke 04,Bayern München,1-1,1-0
6,1996-09-14,Arminia Bielefeld,Bayer Leverkusen,0-1,0-1
6,1996-09-14,TSV 1860 München,SC Freiburg,4-0,0-0
6,1996-09-14,1. FC Köln,Bor. Mönchengladbach,4-0,2-0
6,1996-09-15,Hamburger SV,FC St. Pauli,3-0,1-0
7,1996-09-20,MSV Duisburg,Werder Bremen,3-2,1-0
7,1996-09-20,Hansa Rostock,TSV 1860 München,2-4,2-2
7,1996-09-21,Bor. Mönchengladbach,Borussia Dortmund,5-1,3-1
7,1996-09-21,VfL Bochum,Hamburger SV,3-1,1-0
7,1996-09-21,FC St. Pauli,1. FC Köln,0-0,0-0
7,1996-09-21,VfB Stuttgart,Fortuna Düsseldorf,0-2,0-0
7,1996-09-21,Arminia Bielefeld,FC Schalke 04,0-1,0-1
7,1996-09-21,Bayern München,Karlsruher SC,1-0,1-0
7,1996-09-22,Bayer Leverkusen,SC Freiburg,5-3,2-1
8,1996-09-27,Karlsruher SC,Arminia Bielefeld,5-2,2-0
8,1996-09-27,1. FC Köln,VfL Bochum,2-0,0-0
8,1996-09-28,Fortuna Düsseldorf,Bor. Mönchengladbach,1-0,1-0
8,1996-09-28,Hamburger SV,MSV Duisburg,1-1,0-0
8,1996-09-28,Werder Bremen,Bayern München,3-0,1-0
8,1996-09-28,FC Schalke 04,Bayer Leverkusen,1-2,1-2
8,1996-09-28,SC Freiburg,Hansa Rostock,1-0,0-0
8,1996-09-28,TSV 1860 München,VfB Stuttgart,2-5,1-2
8,1996-09-29,Borussia Dortmund,FC St. Pauli,2-1,1-0
9,1996-10-04,VfB Stuttgart,SC Freiburg,4-2,2-1
9,1996-10-04,Bayer Leverkusen,Hansa Rostock,4-1,1-1
9,1996-10-04,VfL Bochum,Borussia Dortmund,1-0,0-0
9,1996-10-05,FC St. Pauli,Fortuna Düsseldorf,3-0,1-0
9,1996-10-05,Bor. Mönchengladbach,TSV 1860 München,1-0,0-0
9,1996-10-05,FC Schalke 04,Karlsruher SC,0-1,0-1
9,1996-10-05,Arminia Bielefeld,Werder Bremen,3-1,1-0
9,1996-10-05,Bayern München,Hamburger SV,2-1,1-0
9,1996-10-05,MSV Duisburg,1. FC Köln,3-0,2-0
10,1996-10-11,SC Freiburg,Bor. Mönchengladbach,1-0,0-0
10,1996-10-11,TSV 1860 München,FC St. Pauli,4-2,1-0
10,1996-10-12,Borussia Dortmund,MSV Duisburg,2-0,0-0
10,1996-10-12,Hamburger SV,Arminia Bielefeld,2-2,2-0
10,1996-10-12,Werder Bremen,FC Schalke 04,3-0,1-0
10,1996-10-12,Karlsruher SC,Bayer Leverkusen,1-1,1-0
10,1996-10-12,Hansa Rostock,VfB Stuttgart,2-2,0-2
10,1996-10-12,1. FC Köln,Bayern München,2-4,0-1
10,1996-10-13,Fortuna Düsseldorf,VfL Bochum,2-2,2-0
11,1996-10-18,VfL Bochum,TSV 1860 München,2-2,0-1
11,1996-10-18,Bayer Leverkusen,VfB Stuttgart,0-0,0-0
11,1996-10-19,FC St. Pauli,SC Freiburg,2-0,1-0
11,1996-10-19,Bor. Mönchengladbach,Hansa Rostock,2-0,0-0
11,1996-10-19,Karlsruher SC,Werder Bremen,1-3,1-0
11,1996-10-19,FC Schalke 04,Hamburger SV,2-0,1-0
11,1996-10-19,Arminia Bielefeld,1. FC Köln,1-4,0-1
11,1996-10-19,MSV Duisburg,Fortuna Düsseldorf,0-0,0-0
11,1996-10-20,Bayern München,Borussia Dortmund,0-0,0-0
12,1996-10-25,Hansa Rostock,FC St. Pauli,3-1,3-0
12,1996-10-25,Werder Bremen,Bayer Leverkusen,1-1,1-0
12,1996-10-26,Borussia Dortmund,Arminia Bielefeld,5-0,2-0
12,1996-10-26,Hamburger SV,Karlsruher SC,2-0,1-0
12,1996-10-26,VfB Stuttgart,Bor. Mönchengladbach,5-0,1-0
12,1996-10-26,TSV 1860 München,MSV Duisburg,1-1,1-1
12,1996-10-26,Fortuna Düsseldorf,Bayern München,0-2,0-1
12,1996-10-26,1. FC Köln,FC Schalke 04,3-1,1-0
12,1996-10-27,SC Freiburg,VfL Bochum,0-1,0-1
13,1996-11-01,Bayern München,TSV 1860 München,1-1,1-0
13,1996-11-01,VfL Bochum,Hansa Rostock,1-0,0-0
13,1996-11-02,FC Schalke 04,Borussia Dortmund,1-3,0-1
13,1996-11-02,FC St. Pauli,VfB Stuttgart,2-1,1-1
13,1996-11-02,Werder Bremen,Hamburger SV,0-0,0-0
13,1996-11-02,Arminia Bielefeld,Fortuna Düsseldorf,1-0,0-0
13,1996-11-02,MSV Duisburg,SC Freiburg,1-4,0-1
13,1996-11-02,Bayer Leverkusen,Bor. Mönchengladbach,3-0,0-0
13,1996-11-03,Karlsruher SC,1. FC Köln,4-1,1-1
14,1996-11-15,Bor. Mönchengladbach,FC St. Pauli,0-0,0-0
14,1996-11-15,1. FC Köln,Werder Bremen,4-1,1-0
14,1996-11-16,Hamburger SV,Bayer Leverkusen,0-2,0-0
14,1996-11-16,VfB Stuttgart,VfL Bochum,3-1,3-1
14,1996-11-16,SC Freiburg,Bayern München,0-0,0-0
14,1996-11-16,TSV 1860 München,Arminia Bielefeld,1-3,1-1
14,1996-11-16,Fortuna Düsseldorf,FC Schalke 04,1-3,1-2
14,1996-11-16,Borussia Dortmund,Karlsruher SC,1-1,1-1
14,1996-11-17,Hansa Rostock,MSV Duisburg,0-1,0-0
15,1996-11-22,VfL Bochum,Bor. Mönchengladbach,2-0,1-0
15,1996-11-22,Karlsruher SC,Fortuna Düsseldorf,2-0,0-0
15,1996-11-23,Werder Bremen,Borussia Dortmund,0-4,0-3
15,1996-11-23,1. FC Köln,Hamburger SV,2-2,1-2
15,1996-11-23,Bayern München,Hansa Rostock,2-1,2-0
15,1996-11-23,FC Schalke 04,TSV 1860 München,4-1,2-1
15,1996-11-23,Arminia Bielefeld,SC Freiburg,2-0,1-0
15,1996-11-23,FC St. Pauli,Bayer Leverkusen,3-1,2-0
15,1996-11-24,MSV Duisburg,VfB Stuttgart,3-1,1-1
16,1996-11-29,Borussia Dortmund,Hamburger SV,1-1,1-0
16,1996-11-30,Bor. Mönchengladbach,MSV Duisburg,0-1,0-0
16,1996-11-30,Hansa Rostock,Arminia Bielefeld,3-1,1-1
16,1996-11-30,SC Freiburg,FC Schalke 04,2-3,1-1
16,1996-11-30,TSV 1860 München,Karlsruher SC,1-1,0-0
16,1996-11-30,Fortuna Düsseldorf,Werder Bremen,4-1,2-0
16,1996-11-30,Bayer Leverkusen,1. FC Köln,4-2,0-0
16,1996-12-01,VfB Stuttgart,Bayern München,1-1,0-1
16,1997-04-09,FC St. Pauli,VfL Bochum,2-1,2-0
17,1996-12-06,VfL Bochum,Bayer Leverkusen,2-2,1-1
17,1996-12-06,Werder Bremen,TSV 1860 München,1-1,0-1
17,1996-12-06,Karlsruher SC,SC Freiburg,3-0,2-0
17,1996-12-06,FC Schalke 04,Hansa Rostock,2-0,2-0
17,1996-12-07,Arminia Bielefeld,VfB Stuttgart,2-0,1-0
17,1996-12-07,Hamburger SV,Fortuna Düsseldorf,2-1,0-1
17,1996-12-07,Bayern München,Bor. Mönchengladbach,1-0,0-0
17,1996-12-07,MSV Duisburg,FC St. Pauli,1-0,0-0
17,1996-12-07,1. FC Köln,Borussia Dortmund,1-3,1-0
18,1997-02-14,1. FC Köln,Fortuna Düsseldorf,2-0,1-0
18,1997-02-14,Borussia Dortmund,Bayer Leverkusen,3-1,1-1
18,1997-02-15,MSV Duisburg,VfL Bochum,1-1,1-1
18,1997-02-15,Bayern München,FC St. Pauli,3-0,1-0
18,1997-02-15,FC Schalke 04,VfB Stuttgart,1-0,1-0
18,1997-02-15,Karlsruher SC,Hansa Rostock,1-1,1-0
18,1997-02-15,Werder Bremen,SC Freiburg,1-0,0-0
18,1997-02-15,Hamburger SV,TSV 1860 München,2-3,0-0
18,1997-02-16,Arminia Bielefeld,Bor. Mönchengladbach,0-2,0-1
19,1997-02-21,SC Freiburg,Hamburger SV,0-4,0-2
19,1997-02-21,Fortuna Düsseldorf,Borussia Dortmund,2-0,0-0
19,1997-02-21,FC St. Pauli,Arminia Bielefeld,2-3,1-2
19,1997-02-22,Hansa Rostock,Werder Bremen,0-1,0-1
19,1997-02-22,VfB Stuttgart,Karlsruher SC,1-0,0-0
19,1997-02-22,Bor. Mönchengladbach,FC Schalke 04,0-0,0-0
19,1997-02-22,VfL Bochum,Bayern München,1-1,0-0
19,1997-02-22,Bayer Leverkusen,MSV Duisburg,1-0,1-0
19,1997-02-22,TSV 1860 München,1. FC Köln,2-1,0-0
20,1997-02-28,Arminia Bielefeld,VfL Bochum,3-1,2-0
20,1997-02-28,FC Schalke 04,FC St. Pauli,0-0,0-0
20,1997-03-01,Karlsruher SC,Bor. Mönchengladbach,1-1,0-0
20,1997-03-01,Werder Bremen,VfB Stuttgart,2-2,2-1
20,1997-03-01,1. FC Köln,SC Freiburg,1-0,0-0
20,1997-03-01,Borussia Dortmund,TSV 1860 München,4-1,3-1
20,1997-03-01,Bayern München,MSV Duisburg,5-2,2-0
20,1997-03-01,Fortuna Düsseldorf,Bayer Leverkusen,0-0,0-0
20,1997-03-02,Hamburger SV,Hansa Rostock,1-1,1-0
21,1997-03-07,Hansa Rostock,1. FC Köln,0-0,0-0
21,1997-03-07,VfL Bochum,FC Schalke 04,0-1,0-0
21,1997-03-08,SC Freiburg,Borussia Dortmund,1-2,1-1
21,1997-03-08,VfB Stuttgart,Hamburger SV,4-1,3-1
21,1997-03-08,Bor. Mönchengladbach,Werder Bremen,4-1,1-0
21,1997-03-08,FC St. Pauli,Karlsruher SC,2-4,2-2
21,1997-03-08,MSV Duisburg,Arminia Bielefeld,0-0,0-0
21,1997-03-08,TSV 1860 München,Fortuna Düsseldorf,3-0,0-0
21,1997-03-09,Bayer Leverkusen,Bayern München,5-2,3-0
22,1997-03-11,Karlsruher SC,VfL Bochum,2-3,1-2
22,1997-03-11,Werder Bremen,FC St. Pauli,2-1,1-1
22,1997-03-11,Hamburger SV,Bor. Mönchengladbach,2-1,0-0
22,1997-03-11,1. FC Köln,VfB Stuttgart,1-5,1-2
22,1997-03-11,FC Schalke 04,MSV Duisburg,4-0,1-0
22,1997-03-12,Borussia Dortmund,Hansa Rostock,3-0,0-0
22,1997-03-12,Fortuna Düsseldorf,SC Freiburg,2-1,1-0
22,1997-03-12,TSV 1860 München,Bayer Leverkusen,3-0,2-0
22,1997-03-12,Arminia Bielefeld,Bayern München,2-0,2-0
23,1997-03-14,MSV Duisburg,Karlsruher SC,2-2,0-2
23,1997-03-14,FC St. Pauli,Hamburger SV,2-2,0-1
23,1997-03-15,Bayern München,FC Schalke 04,3-0,1-0
23,1997-03-15,Bayer Leverkusen,Arminia Bielefeld,1-0,0-0
23,1997-03-15,SC Freiburg,TSV 1860 München,2-2,0-2
23,1997-03-15,Hansa Rostock,Fortuna Düsseldorf,3-1,3-1
23,1997-03-15,Bor. Mönchengladbach,1. FC Köln,2-1,0-0
23,1997-03-15,VfB Stuttgart,Borussia Dortmund,4-1,2-1
23,1997-03-16,VfL Bochum,Werder Bremen,3-2,1-0
24,1997-03-21,Fortuna Düsseldorf,VfB Stuttgart,0-4,0-0
24,1997-03-21,Werder Bremen,MSV Duisburg,0-2,0-1
24,1997-03-22,Hamburger SV,VfL Bochum,2-2,1-1
24,1997-03-22,1. FC Köln,FC St. Pauli,0-1,0-1
24,1997-03-22,Borussia Dortmund,Bor. Mönchengladbach,1-3,0-1
24,1997-03-22,TSV 1860 München,Hansa Rostock,2-0,0-0
24,1997-03-22,FC Schalke 04,Arminia Bielefeld,0-0,0-0
24,1997-03-22,SC Freiburg,Bayer Leverkusen,1-2,0-0
24,1997-03-23,Karlsruher SC,Bayern München,0-2,0-1
25,1997-03-27,FC St. Pauli,Borussia Dortmund,0-1,0-0
25,1997-03-27,MSV Duisburg,Hamburger SV,1-1,0-0
25,1997-03-27,VfB Stuttgart,TSV 1860 München,1-1,1-1
25,1997-03-27,VfL Bochum,1. FC Köln,2-2,1-1
25,1997-03-29,Bayern München,Werder Bremen,1-0,1-0
25,1997-03-29,Arminia Bielefeld,Karlsruher SC,1-2,0-0
25,1997-03-29,Bayer Leverkusen,FC Schalke 04,2-0,0-0
25,1997-03-29,Hansa Rostock,SC Freiburg,3-1,2-1
25,1997-03-29,Bor. Mönchengladbach,Fortuna Düsseldorf,2-0,1-0
26,1997-04-04,1. FC Köln,MSV Duisburg,2-5,2-1
26,1997-04-04,TSV 1860 München,Bor. Mönchengladbach,3-0,0-0
26,1997-04-05,Borussia Dortmund,VfL Bochum,2-0,1-0
26,1997-04-05,Fortuna Düsseldorf,FC St. Pauli,2-0,1-0
26,1997-04-05,Karlsruher SC,FC Schalke 04,0-0,0-0
26,1997-04-05,Werder Bremen,Arminia Bielefeld,2-1,1-1
26,1997-04-05,Hamburger SV,Bayern München,0-3,0-2
26,1997-04-05,Hansa Rostock,Bayer Leverkusen,1-0,0-0
26,1997-04-06,SC Freiburg,VfB Stuttgart,1-1,0-0
27,1997-04-11,Arminia Bielefeld,Hamburger SV,1-1,1-1
27,1997-04-11,Bayer Leverkusen,Karlsruher SC,3-1,1-1
27,1997-04-12,FC Schalke 04,Werder Bremen,1-1,1-0
27,1997-04-12,MSV Duisburg,Borussia Dortmund,3-2,1-0
27,1997-04-12,VfB Stuttgart,Hansa Rostock,5-1,1-0
27,1997-04-12,Bor. Mönchengladbach,SC Freiburg,4-3,2-2
27,1997-04-12,FC St. Pauli,TSV 1860 München,0-0,0-0
27,1997-04-12,Bayern München,1. FC Köln,3-2,1-0
27,1997-04-13,VfL Bochum,Fortuna Düsseldorf,3-1,3-0
28,1997-04-18,Hansa Rostock,Bor. Mönchengladbach,1-0,1-0
28,1997-04-18,Fortuna Düsseldorf,MSV Duisburg,1-1,0-1
28,1997-04-19,TSV 1860 München,VfL Bochum,0-1,0-1
28,1997-04-19,SC Freiburg,FC St. Pauli,4-0,2-0
28,1997-04-19,Werder Bremen,Karlsruher SC,1-0,0-0
28,1997-04-19,Hamburger SV,FC Schalke 04,1-0,1-0
28,1997-04-19,1. FC Köln,Arminia Bielefeld,2-5,0-3
28,1997-04-19,Borussia Dortmund,Bayern München,1-1,1-1
28,1997-04-20,VfB Stuttgart,Bayer Leverkusen,1-2,0-1
29,1997-04-24,FC St. Pauli,Hansa Rostock,0-1,0-0
29,1997-04-25,Bayer Leverkusen,Werder Bremen,2-1,1-0
29,1997-04-25,MSV Duisburg,TSV 1860 München,2-3,1-0
29,1997-04-26,Arminia Bielefeld,Borussia Dortmund,2-0,2-0
29,1997-04-26,Karlsruher SC,Hamburger SV,3-1,2-1
29,1997-04-26,Bor. Mönchengladbach,VfB Stuttgart,0-1,0-0
29,1997-04-26,VfL Bochum,SC Freiburg,3-2,1-1
29,1997-04-26,Bayern München,Fortuna Düsseldorf,5-0,4-0
29,1997-04-26,FC Schalke 04,1. FC Köln,1-1,1-0
30,1997-05-02,Hansa Rostock,VfL Bochum,0-0,0-0
30,1997-05-02,Fortuna Düsseldorf,Arminia Bielefeld,1-2,1-0
30,1997-05-03,VfB Stuttgart,FC St. Pauli,3-0,0-0
30,1997-05-03,Hamburger SV,Werder Bremen,3-2,2-0
30,1997-05-03,1. FC Köln,Karlsruher SC,4-1,1-1
30,1997-05-03,Borussia Dortmund,FC Schalke 04,1-0,0-0
30,1997-05-03,SC Freiburg,MSV Duisburg,2-0,0-0
30,1997-05-03,Bor. Mönchengladbach,Bayer Leverkusen,2-2,0-2
30,1997-05-04,TSV 1860 München,Bayern München,3-3,2-1
31,1997-05-09,MSV Duisburg,Hansa Rostock,0-1,0-1
31,1997-05-09,Werder Bremen,1. FC Köln,3-2,2-2
31,1997-05-10,Karlsruher SC,Borussia Dortmund,1-1,1-0
31,1997-05-10,FC St. Pauli,Bor. Mönchengladbach,1-3,0-1
31,1997-05-10,VfL Bochum,VfB Stuttgart,2-1,0-0
31,1997-05-10,Bayern München,SC Freiburg,0-0,0-0
31,1997-05-10,Arminia Bielefeld,TSV 1860 München,2-3,1-2
31,1997-05-10,FC Schalke 04,Fortuna Düsseldorf,0-1,0-1
31,1997-05-11,Bayer Leverkusen,Hamburger SV,5-0,2-0
32,1997-05-16,Fortuna Düsseldorf,Karlsruher SC,0-3,0-0
32,1997-05-16,Hansa Rostock,Bayern München,0-3,0-1
32,1997-05-17,Bor. Mönchengladbach,VfL Bochum,6-2,0-1
32,1997-05-17,Bayer Leverkusen,FC St. Pauli,3-0,0-0
32,1997-05-17,Borussia Dortmund,Werder Bremen,2-1,1-0
32,1997-05-17,TSV 1860 München,FC Schalke 04,2-1,2-0
32,1997-05-17,VfB Stuttgart,MSV Duisburg,0-2,0-0
32,1997-05-17,Hamburger SV,1. FC Köln,0-4,0-1
32,1997-05-18,SC Freiburg,Arminia Bielefeld,2-1,1-1
33,1997-05-24,Hamburger SV,Borussia Dortmund,2-1,1-0
33,1997-05-24,VfL Bochum,FC St. Pauli,6-0,1-0
33,1997-05-24,MSV Duisburg,Bor. Mönchengladbach,4-2,2-1
33,1997-05-24,Bayern München,VfB Stuttgart,4-2,2-1
33,1997-05-24,Arminia Bielefeld,Hansa Rostock,1-3,0-2
33,1997-05-24,FC Schalke 04,SC Freiburg,0-2,0-0
33,1997-05-24,Karlsruher SC,TSV 1860 München,3-0,2-0
33,1997-05-24,Werder Bremen,Fortuna Düsseldorf,1-0,0-0
33,1997-05-24,1. FC Köln,Bayer Leverkusen,4-0,2-0
34,1997-05-31,Bayer Leverkusen,VfL Bochum,2-0,1-0
34,1997-05-31,Fortuna Düsseldorf,Hamburger SV,1-1,1-1
34,1997-05-31,TSV 1860 München,Werder Bremen,0-3,0-1
34,1997-05-31,SC Freiburg,Karlsruher SC,1-1,1-1
34,1997-05-31,Hansa Rostock,FC Schalke 04,0-1,0-0
34,1997-05-31,VfB Stuttgart,Arminia Bielefeld,4-2,2-1
34,1997-05-31,Bor. Mönchengladbach,Bayern München,2-2,1-1
34,1997-05-31,FC St. Pauli,MSV Duisburg,0-2,0-1
34,1997-05-31,Borussia Dortmund,1. FC Köln,2-1,1-0
