Round,Date,Team 1,Team 2,FT,HT
1,2008-08-15,Bayern München,Hamburger SV,2-2,2-1
1,2008-08-16,FC Schalke 04,Hannover 96,3-0,2-0
1,2008-08-16,VfL Wolfsburg,1. FC Köln,2-1,0-1
1,2008-08-16,Bayer Leverkusen,Borussia Dortmund,2-3,1-2
1,2008-08-16,Karlsruher SC,VfL Bochum,1-0,1-0
1,2008-08-16,Energie Cottbus,1899 Hoffenheim,0-3,0-1
1,2008-08-16,Arminia Bielefeld,Werder Bremen,2-2,0-0
1,2008-08-17,Eintracht Frankfurt,Hertha BSC,0-2,0-1
1,2008-08-17,Bor. Mönchengladbach,VfB Stuttgart,1-3,0-3
2,2008-08-22,Hannover 96,Energie Cottbus,0-0,0-0
2,2008-08-23,Werder Bremen,FC Schalke 04,1-1,0-0
2,2008-08-23,Hamburger SV,Karlsruher SC,2-1,1-0
2,2008-08-23,VfB Stuttgart,Bayer Leverkusen,0-2,0-1
2,2008-08-23,Hertha BSC,Arminia Bielefeld,1-1,1-1
2,2008-08-23,Borussia Dortmund,Bayern München,1-1,1-0
2,2008-08-23,1899 Hoffenheim,Bor. Mönchengladbach,1-0,1-0
2,2008-08-24,VfL Bochum,VfL Wolfsburg,2-2,1-0
2,2008-08-24,1. FC Köln,Eintracht Frankfurt,1-1,1-0
3,2008-08-29,Karlsruher SC,1. FC Köln,0-2,0-0
3,2008-08-30,FC Schalke 04,VfL Bochum,1-0,1-0
3,2008-08-30,VfL Wolfsburg,Eintracht Frankfurt,2-2,1-1
3,2008-08-30,Bayer Leverkusen,1899 Hoffenheim,5-2,3-1
3,2008-08-30,Energie Cottbus,Borussia Dortmund,0-1,0-1
3,2008-08-30,Arminia Bielefeld,Hamburger SV,2-4,2-1
3,2008-08-30,Bor. Mönchengladbach,Werder Bremen,3-2,2-0
3,2008-08-31,Bayern München,Hertha BSC,4-1,1-0
3,2008-08-31,VfB Stuttgart,Hannover 96,2-0,2-0
4,2008-09-13,Werder Bremen,Energie Cottbus,3-0,0-0
4,2008-09-13,Hamburger SV,Bayer Leverkusen,3-2,1-2
4,2008-09-13,Hertha BSC,VfL Wolfsburg,2-2,0-1
4,2008-09-13,Borussia Dortmund,FC Schalke 04,3-3,0-2
4,2008-09-13,1899 Hoffenheim,VfB Stuttgart,0-0,0-0
4,2008-09-13,1. FC Köln,Bayern München,0-3,0-0
4,2008-09-14,Hannover 96,Bor. Mönchengladbach,5-1,2-0
4,2008-09-14,VfL Bochum,Arminia Bielefeld,2-0,2-0
4,2008-10-22,Eintracht Frankfurt,Karlsruher SC,2-1,0-0
5,2008-09-19,Bayer Leverkusen,Hannover 96,4-0,2-0
5,2008-09-20,Bayern München,Werder Bremen,2-5,0-2
5,2008-09-20,FC Schalke 04,Eintracht Frankfurt,1-0,1-0
5,2008-09-20,Energie Cottbus,VfL Bochum,1-1,1-0
5,2008-09-20,Arminia Bielefeld,1. FC Köln,2-0,0-0
5,2008-09-20,Bor. Mönchengladbach,Hertha BSC,0-1,0-1
5,2008-09-21,VfL Wolfsburg,Hamburger SV,3-0,3-0
5,2008-09-21,VfB Stuttgart,Karlsruher SC,3-1,1-1
5,2008-09-21,1899 Hoffenheim,Borussia Dortmund,4-1,2-0
6,2008-09-26,1. FC Köln,FC Schalke 04,1-0,1-0
6,2008-09-27,Werder Bremen,1899 Hoffenheim,5-4,4-2
6,2008-09-27,Hamburger SV,Bor. Mönchengladbach,1-0,1-0
6,2008-09-27,Hannover 96,Bayern München,1-0,1-0
6,2008-09-27,Hertha BSC,Energie Cottbus,0-1,0-1
6,2008-09-27,VfL Bochum,Bayer Leverkusen,2-3,0-2
6,2008-09-27,Borussia Dortmund,VfB Stuttgart,3-0,2-0
6,2008-09-28,Eintracht Frankfurt,Arminia Bielefeld,1-1,0-1
6,2008-09-28,Karlsruher SC,VfL Wolfsburg,2-1,0-0
7,2008-10-03,Arminia Bielefeld,Karlsruher SC,1-2,0-1
7,2008-10-04,Bayern München,VfL Bochum,3-3,2-1
7,2008-10-04,VfB Stuttgart,Werder Bremen,4-1,2-0
7,2008-10-04,Bayer Leverkusen,Hertha BSC,0-1,0-0
7,2008-10-04,Bor. Mönchengladbach,1. FC Köln,1-2,1-1
7,2008-10-04,1899 Hoffenheim,Eintracht Frankfurt,2-1,0-0
7,2008-10-05,FC Schalke 04,VfL Wolfsburg,2-2,1-0
7,2008-10-05,Borussia Dortmund,Hannover 96,1-1,1-1
7,2008-10-05,Energie Cottbus,Hamburger SV,1-2,0-0
8,2008-10-17,VfL Bochum,Bor. Mönchengladbach,2-2,0-1
8,2008-10-18,Werder Bremen,Borussia Dortmund,3-3,0-0
8,2008-10-18,VfL Wolfsburg,Arminia Bielefeld,4-1,2-0
8,2008-10-18,Hannover 96,1899 Hoffenheim,2-5,0-1
8,2008-10-18,Eintracht Frankfurt,Bayer Leverkusen,0-2,0-1
8,2008-10-18,Hertha BSC,VfB Stuttgart,2-1,1-0
8,2008-10-18,Karlsruher SC,Bayern München,0-1,0-0
8,2008-10-18,1. FC Köln,Energie Cottbus,1-0,1-0
8,2008-10-19,Hamburger SV,FC Schalke 04,1-1,1-0
9,2008-10-24,Bayer Leverkusen,1. FC Köln,2-0,0-0
9,2008-10-25,Bayern München,VfL Wolfsburg,4-2,1-2
9,2008-10-25,FC Schalke 04,Arminia Bielefeld,0-0,0-0
9,2008-10-25,Hannover 96,Werder Bremen,1-1,1-1
9,2008-10-25,Energie Cottbus,Eintracht Frankfurt,2-3,2-1
9,2008-10-25,Bor. Mönchengladbach,Karlsruher SC,1-0,0-0
9,2008-10-26,VfB Stuttgart,VfL Bochum,2-0,0-0
9,2008-10-26,Borussia Dortmund,Hertha BSC,1-1,0-1
9,2008-10-26,1899 Hoffenheim,Hamburger SV,3-0,3-0
10,2008-10-28,Werder Bremen,Bayer Leverkusen,0-2,0-0
10,2008-10-28,VfL Wolfsburg,Bor. Mönchengladbach,3-0,1-0
10,2008-10-28,Karlsruher SC,FC Schalke 04,0-3,0-2
10,2008-10-28,Arminia Bielefeld,Energie Cottbus,1-1,0-1
10,2008-10-29,Hamburger SV,VfB Stuttgart,2-0,1-0
10,2008-10-29,Eintracht Frankfurt,Bayern München,1-2,0-0
10,2008-10-29,Hertha BSC,Hannover 96,3-0,0-0
10,2008-10-29,VfL Bochum,1899 Hoffenheim,1-3,1-0
10,2008-10-29,1. FC Köln,Borussia Dortmund,0-1,0-0
11,2008-10-31,Bayer Leverkusen,VfL Wolfsburg,2-0,0-0
11,2008-11-01,Bayern München,Arminia Bielefeld,3-1,1-1
11,2008-11-01,Werder Bremen,Hertha BSC,5-1,3-0
11,2008-11-01,VfB Stuttgart,1. FC Köln,1-3,0-1
11,2008-11-01,Hannover 96,Hamburger SV,3-0,2-0
11,2008-11-01,Energie Cottbus,FC Schalke 04,0-2,0-0
11,2008-11-01,1899 Hoffenheim,Karlsruher SC,4-1,1-1
11,2008-11-02,Borussia Dortmund,VfL Bochum,1-1,1-1
11,2008-11-02,Bor. Mönchengladbach,Eintracht Frankfurt,1-2,1-1
12,2008-11-07,1. FC Köln,Hannover 96,2-1,1-1
12,2008-11-08,Hamburger SV,Borussia Dortmund,2-1,2-0
12,2008-11-08,VfL Wolfsburg,Energie Cottbus,3-0,1-0
12,2008-11-08,Karlsruher SC,Bayer Leverkusen,3-3,1-3
12,2008-11-08,VfL Bochum,Werder Bremen,0-0,0-0
12,2008-11-08,Arminia Bielefeld,Bor. Mönchengladbach,0-2,0-1
12,2008-11-09,FC Schalke 04,Bayern München,1-2,1-2
12,2008-11-09,Eintracht Frankfurt,VfB Stuttgart,2-2,1-0
12,2008-11-09,Hertha BSC,1899 Hoffenheim,1-0,0-0
13,2008-11-14,Hannover 96,VfL Bochum,1-1,0-0
13,2008-11-15,VfB Stuttgart,Arminia Bielefeld,0-0,0-0
13,2008-11-15,Bayer Leverkusen,FC Schalke 04,2-1,2-0
13,2008-11-15,Hertha BSC,Hamburger SV,2-1,0-1
13,2008-11-15,Borussia Dortmund,Eintracht Frankfurt,4-0,3-0
13,2008-11-15,Energie Cottbus,Karlsruher SC,1-0,0-0
13,2008-11-15,Bor. Mönchengladbach,Bayern München,2-2,0-1
13,2008-11-15,1899 Hoffenheim,VfL Wolfsburg,3-2,2-2
13,2008-11-16,Werder Bremen,1. FC Köln,3-1,2-0
14,2008-11-21,Karlsruher SC,Borussia Dortmund,0-1,0-1
14,2008-11-22,Bayern München,Energie Cottbus,4-1,2-1
14,2008-11-22,FC Schalke 04,Bor. Mönchengladbach,3-1,3-1
14,2008-11-22,VfL Wolfsburg,VfB Stuttgart,4-1,0-1
14,2008-11-22,Eintracht Frankfurt,Hannover 96,4-0,2-0
14,2008-11-22,VfL Bochum,Hertha BSC,2-3,0-3
14,2008-11-22,Arminia Bielefeld,Bayer Leverkusen,2-1,0-0
14,2008-11-22,1. FC Köln,1899 Hoffenheim,1-3,0-1
14,2008-11-23,Hamburger SV,Werder Bremen,2-1,1-1
15,2008-11-28,Hertha BSC,1. FC Köln,2-1,1-1
15,2008-11-29,Werder Bremen,Eintracht Frankfurt,5-0,3-0
15,2008-11-29,Bayer Leverkusen,Bayern München,0-2,0-0
15,2008-11-29,Hannover 96,Karlsruher SC,3-2,3-0
15,2008-11-29,Bor. Mönchengladbach,Energie Cottbus,1-3,0-1
15,2008-11-29,1899 Hoffenheim,Arminia Bielefeld,3-0,2-0
15,2008-11-30,VfB Stuttgart,FC Schalke 04,2-0,0-0
15,2008-11-30,VfL Bochum,Hamburger SV,1-1,1-0
15,2008-11-30,Borussia Dortmund,VfL Wolfsburg,0-0,0-0
16,2008-12-05,Bayern München,1899 Hoffenheim,2-1,0-0
16,2008-12-06,FC Schalke 04,Hertha BSC,1-0,0-0
16,2008-12-06,Eintracht Frankfurt,VfL Bochum,4-0,2-0
16,2008-12-06,Karlsruher SC,Werder Bremen,1-0,0-0
16,2008-12-06,Energie Cottbus,VfB Stuttgart,0-3,0-1
16,2008-12-06,Arminia Bielefeld,Borussia Dortmund,0-0,0-0
16,2008-12-06,Bor. Mönchengladbach,Bayer Leverkusen,1-3,0-2
16,2008-12-07,VfL Wolfsburg,Hannover 96,2-1,1-0
16,2008-12-07,1. FC Köln,Hamburger SV,1-2,0-2
17,2008-12-12,Borussia Dortmund,Bor. Mönchengladbach,2-1,1-0
17,2008-12-13,Werder Bremen,VfL Wolfsburg,2-1,1-1
17,2008-12-13,Hamburger SV,Eintracht Frankfurt,1-0,0-0
17,2008-12-13,VfB Stuttgart,Bayern München,2-2,1-0
17,2008-12-13,Bayer Leverkusen,Energie Cottbus,1-1,0-0
17,2008-12-13,Hannover 96,Arminia Bielefeld,1-1,1-0
17,2008-12-13,Hertha BSC,Karlsruher SC,4-0,1-0
17,2008-12-13,VfL Bochum,1. FC Köln,1-2,0-1
17,2008-12-14,1899 Hoffenheim,FC Schalke 04,1-1,0-1
18,2009-01-30,Hamburger SV,Bayern München,1-0,1-0
18,2009-01-31,Hannover 96,FC Schalke 04,1-0,1-0
18,2009-01-31,1. FC Köln,VfL Wolfsburg,1-1,1-0
18,2009-01-31,Borussia Dortmund,Bayer Leverkusen,1-1,1-0
18,2009-01-31,Hertha BSC,Eintracht Frankfurt,2-1,1-0
18,2009-01-31,1899 Hoffenheim,Energie Cottbus,2-0,1-0
18,2009-01-31,VfB Stuttgart,Bor. Mönchengladbach,2-0,0-0
18,2009-02-01,VfL Bochum,Karlsruher SC,2-0,1-0
18,2009-02-01,Werder Bremen,Arminia Bielefeld,1-2,1-1
19,2009-02-06,Arminia Bielefeld,Hertha BSC,1-1,1-1
19,2009-02-07,FC Schalke 04,Werder Bremen,1-0,0-0
19,2009-02-07,Karlsruher SC,Hamburger SV,3-2,0-1
19,2009-02-07,Bayer Leverkusen,VfB Stuttgart,2-4,0-1
19,2009-02-07,VfL Wolfsburg,VfL Bochum,2-0,1-0
19,2009-02-07,Bor. Mönchengladbach,1899 Hoffenheim,1-1,1-0
19,2009-02-07,Eintracht Frankfurt,1. FC Köln,2-2,1-0
19,2009-02-08,Energie Cottbus,Hannover 96,3-1,1-0
19,2009-02-08,Bayern München,Borussia Dortmund,3-1,1-1
20,2009-02-13,1899 Hoffenheim,Bayer Leverkusen,1-4,1-3
20,2009-02-14,Hertha BSC,Bayern München,2-1,1-0
20,2009-02-14,VfL Bochum,FC Schalke 04,2-1,1-1
20,2009-02-14,Eintracht Frankfurt,VfL Wolfsburg,0-2,0-1
20,2009-02-14,Hannover 96,VfB Stuttgart,3-3,2-2
20,2009-02-14,1. FC Köln,Karlsruher SC,0-0,0-0
20,2009-02-14,Werder Bremen,Bor. Mönchengladbach,1-1,0-0
20,2009-02-15,Borussia Dortmund,Energie Cottbus,1-1,1-1
20,2009-02-15,Hamburger SV,Arminia Bielefeld,2-0,1-0
21,2009-02-20,FC Schalke 04,Borussia Dortmund,1-1,1-0
21,2009-02-21,Energie Cottbus,Werder Bremen,2-1,0-0
21,2009-02-21,Bor. Mönchengladbach,Hannover 96,3-2,2-0
21,2009-02-21,Karlsruher SC,Eintracht Frankfurt,0-1,0-0
21,2009-02-21,VfL Wolfsburg,Hertha BSC,2-1,0-0
21,2009-02-21,Arminia Bielefeld,VfL Bochum,1-1,0-1
21,2009-02-21,VfB Stuttgart,1899 Hoffenheim,3-3,2-2
21,2009-02-21,Bayern München,1. FC Köln,1-2,0-2
21,2009-02-22,Bayer Leverkusen,Hamburger SV,1-2,1-1
22,2009-02-27,1. FC Köln,Arminia Bielefeld,1-1,1-1
22,2009-02-28,Eintracht Frankfurt,FC Schalke 04,1-2,0-1
22,2009-02-28,Hannover 96,Bayer Leverkusen,1-0,1-0
22,2009-02-28,VfL Bochum,Energie Cottbus,3-2,1-1
22,2009-02-28,Hertha BSC,Bor. Mönchengladbach,2-1,2-0
22,2009-02-28,Borussia Dortmund,1899 Hoffenheim,0-0,0-0
22,2009-03-01,Werder Bremen,Bayern München,0-0,0-0
22,2009-03-01,Hamburger SV,VfL Wolfsburg,1-3,0-2
22,2009-03-01,Karlsruher SC,VfB Stuttgart,0-2,0-0
23,2009-03-06,FC Schalke 04,1. FC Köln,1-0,1-0
23,2009-03-07,1899 Hoffenheim,Werder Bremen,0-0,0-0
23,2009-03-07,Bor. Mönchengladbach,Hamburger SV,4-1,2-1
23,2009-03-07,Bayern München,Hannover 96,5-1,3-1
23,2009-03-07,Energie Cottbus,Hertha BSC,1-3,1-2
23,2009-03-07,VfL Wolfsburg,Karlsruher SC,1-0,1-0
23,2009-03-07,VfB Stuttgart,Borussia Dortmund,2-1,1-0
23,2009-03-08,Arminia Bielefeld,Eintracht Frankfurt,0-0,0-0
23,2009-03-08,Bayer Leverkusen,VfL Bochum,1-1,0-1
24,2009-03-13,VfL Wolfsburg,FC Schalke 04,4-3,2-1
24,2009-03-14,VfL Bochum,Bayern München,0-3,0-1
24,2009-03-14,Hertha BSC,Bayer Leverkusen,1-0,0-0
24,2009-03-14,Hannover 96,Borussia Dortmund,4-4,1-2
24,2009-03-14,Karlsruher SC,Arminia Bielefeld,0-1,0-0
24,2009-03-14,1. FC Köln,Bor. Mönchengladbach,2-4,0-2
24,2009-03-14,Eintracht Frankfurt,1899 Hoffenheim,1-1,0-1
24,2009-03-15,Werder Bremen,VfB Stuttgart,4-0,1-0
24,2009-03-15,Hamburger SV,Energie Cottbus,2-0,2-0
25,2009-03-20,Bor. Mönchengladbach,VfL Bochum,0-1,0-1
25,2009-03-21,Borussia Dortmund,Werder Bremen,1-0,0-0
25,2009-03-21,Arminia Bielefeld,VfL Wolfsburg,0-3,0-1
25,2009-03-21,1899 Hoffenheim,Hannover 96,2-2,1-1
25,2009-03-21,Bayer Leverkusen,Eintracht Frankfurt,1-1,1-1
25,2009-03-21,VfB Stuttgart,Hertha BSC,2-0,0-0
25,2009-03-21,Bayern München,Karlsruher SC,1-0,1-0
25,2009-03-21,Energie Cottbus,1. FC Köln,0-2,0-0
25,2009-03-22,FC Schalke 04,Hamburger SV,1-2,0-0
26,2009-04-03,Arminia Bielefeld,FC Schalke 04,0-2,0-1
26,2009-04-04,VfL Wolfsburg,Bayern München,5-1,1-1
26,2009-04-04,VfL Bochum,VfB Stuttgart,1-2,0-0
26,2009-04-04,Hertha BSC,Borussia Dortmund,1-3,0-1
26,2009-04-04,Eintracht Frankfurt,Energie Cottbus,2-1,1-1
26,2009-04-04,Hamburger SV,1899 Hoffenheim,1-0,1-0
26,2009-04-05,1. FC Köln,Bayer Leverkusen,0-2,0-0
26,2009-04-05,Werder Bremen,Hannover 96,4-1,1-0
26,2009-04-05,Karlsruher SC,Bor. Mönchengladbach,0-0,0-0
27,2009-04-11,Bor. Mönchengladbach,VfL Wolfsburg,1-2,0-1
27,2009-04-11,Bayern München,Eintracht Frankfurt,4-0,3-0
27,2009-04-11,Hannover 96,Hertha BSC,2-0,1-0
27,2009-04-11,FC Schalke 04,Karlsruher SC,2-0,1-0
27,2009-04-11,1899 Hoffenheim,VfL Bochum,0-3,0-1
27,2009-04-11,Energie Cottbus,Arminia Bielefeld,2-1,1-0
27,2009-04-11,Borussia Dortmund,1. FC Köln,3-1,1-1
27,2009-04-12,Bayer Leverkusen,Werder Bremen,1-1,1-1
27,2009-04-12,VfB Stuttgart,Hamburger SV,1-0,0-0
28,2009-04-17,FC Schalke 04,Energie Cottbus,4-0,2-0
28,2009-04-18,Arminia Bielefeld,Bayern München,0-1,0-0
28,2009-04-18,1. FC Köln,VfB Stuttgart,0-3,0-1
28,2009-04-18,VfL Wolfsburg,Bayer Leverkusen,2-1,1-0
28,2009-04-18,VfL Bochum,Borussia Dortmund,0-2,0-1
28,2009-04-18,Eintracht Frankfurt,Bor. Mönchengladbach,4-1,1-0
28,2009-04-18,Karlsruher SC,1899 Hoffenheim,2-2,1-1
28,2009-04-19,Hertha BSC,Werder Bremen,2-1,0-1
28,2009-04-19,Hamburger SV,Hannover 96,2-1,1-0
29,2009-04-24,1899 Hoffenheim,Hertha BSC,0-1,0-1
29,2009-04-25,Bayern München,FC Schalke 04,0-1,0-1
29,2009-04-25,Borussia Dortmund,Hamburger SV,2-0,1-0
29,2009-04-25,VfB Stuttgart,Eintracht Frankfurt,2-0,1-0
29,2009-04-25,Bayer Leverkusen,Karlsruher SC,0-1,0-0
29,2009-04-25,Werder Bremen,VfL Bochum,3-2,0-2
29,2009-04-25,Hannover 96,1. FC Köln,2-1,2-0
29,2009-04-26,Energie Cottbus,VfL Wolfsburg,2-0,0-0
29,2009-04-26,Bor. Mönchengladbach,Arminia Bielefeld,1-1,1-1
30,2009-05-01,VfL Bochum,Hannover 96,0-2,0-2
30,2009-05-02,Arminia Bielefeld,VfB Stuttgart,2-2,1-2
30,2009-05-02,FC Schalke 04,Bayer Leverkusen,1-2,0-2
30,2009-05-02,Eintracht Frankfurt,Borussia Dortmund,0-2,0-0
30,2009-05-02,Karlsruher SC,Energie Cottbus,0-0,0-0
30,2009-05-02,Bayern München,Bor. Mönchengladbach,2-1,2-1
30,2009-05-02,VfL Wolfsburg,1899 Hoffenheim,4-0,0-0
30,2009-05-03,1. FC Köln,Werder Bremen,1-0,0-0
30,2009-05-03,Hamburger SV,Hertha BSC,1-1,1-0
31,2009-05-08,Bayer Leverkusen,Arminia Bielefeld,2-2,1-2
31,2009-05-09,Energie Cottbus,Bayern München,1-3,1-1
31,2009-05-09,VfB Stuttgart,VfL Wolfsburg,4-1,2-1
31,2009-05-09,Hannover 96,Eintracht Frankfurt,1-1,1-1
31,2009-05-09,Borussia Dortmund,Karlsruher SC,4-0,1-0
31,2009-05-09,Hertha BSC,VfL Bochum,2-0,1-0
31,2009-05-09,1899 Hoffenheim,1. FC Köln,2-0,0-0
31,2009-05-10,Bor. Mönchengladbach,FC Schalke 04,1-0,0-0
31,2009-05-10,Werder Bremen,Hamburger SV,2-0,1-0
32,2009-05-12,Bayern München,Bayer Leverkusen,3-0,0-0
32,2009-05-12,Karlsruher SC,Hannover 96,2-3,2-2
32,2009-05-12,1. FC Köln,Hertha BSC,1-2,0-1
32,2009-05-12,VfL Wolfsburg,Borussia Dortmund,3-0,1-0
32,2009-05-13,Eintracht Frankfurt,Werder Bremen,0-5,0-0
32,2009-05-13,FC Schalke 04,VfB Stuttgart,1-2,1-1
32,2009-05-13,Hamburger SV,VfL Bochum,3-1,2-0
32,2009-05-13,Energie Cottbus,Bor. Mönchengladbach,0-1,0-0
32,2009-05-13,Arminia Bielefeld,1899 Hoffenheim,0-2,0-1
33,2009-05-16,1899 Hoffenheim,Bayern München,2-2,2-2
33,2009-05-16,Hertha BSC,FC Schalke 04,0-0,0-0
33,2009-05-16,Hannover 96,VfL Wolfsburg,0-5,0-3
33,2009-05-16,VfL Bochum,Eintracht Frankfurt,2-0,1-0
33,2009-05-16,Werder Bremen,Karlsruher SC,1-3,0-2
33,2009-05-16,VfB Stuttgart,Energie Cottbus,2-0,1-0
33,2009-05-16,Borussia Dortmund,Arminia Bielefeld,6-0,1-0
33,2009-05-16,Bayer Leverkusen,Bor. Mönchengladbach,5-0,2-0
33,2009-05-16,Hamburger SV,1. FC Köln,0-1,0-1
34,2009-05-23,VfL Wolfsburg,Werder Bremen,5-1,3-1
34,2009-05-23,Eintracht Frankfurt,Hamburger SV,2-3,0-1
34,2009-05-23,Bayern München,VfB Stuttgart,2-1,1-0
34,2009-05-23,Energie Cottbus,Bayer Leverkusen,3-0,0-0
34,2009-05-23,Arminia Bielefeld,Hannover 96,2-2,1-0
34,2009-05-23,Karlsruher SC,Hertha BSC,4-0,2-0
34,2009-05-23,1. FC Köln,VfL Bochum,1-1,1-1
34,2009-05-23,Bor. Mönchengladbach,Borussia Dortmund,1-1,0-0
34,2009-05-23,FC Schalke 04,1899 Hoffenheim,2-3,2-1
