Round,Date,Team 1,Team 2,FT,HT
1,2000-08-11,Borussia Dortmund,Hansa Rostock,1-0,0-0
1,2000-08-12,1. FC Kaiserslautern,VfL Bochum,0-1,0-0
1,2000-08-12,Bayer Leverkusen,VfL Wolfsburg,2-0,2-0
1,2000-08-12,SC Freiburg,VfB Stuttgart,4-0,2-0
1,2000-08-12,Werder Bremen,Energie Cottbus,3-1,2-1
1,2000-08-12,Hamburger SV,TSV 1860 München,2-2,2-2
1,2000-08-12,Bayern München,Hertha BSC,4-1,1-0
1,2000-08-13,Eintracht Frankfurt,SpVgg Unterhaching,3-0,1-0
1,2000-08-13,FC Schalke 04,1. FC Köln,2-1,2-0
2,2000-08-18,Energie Cottbus,Borussia Dortmund,1-4,0-1
2,2000-08-19,TSV 1860 München,Werder Bremen,2-1,1-1
2,2000-08-19,SpVgg Unterhaching,SC Freiburg,1-1,1-0
2,2000-08-19,VfL Wolfsburg,1. FC Kaiserslautern,4-0,1-0
2,2000-08-19,VfL Bochum,Bayern München,0-3,0-3
2,2000-08-19,Hertha BSC,Hamburger SV,4-0,3-0
2,2000-08-19,VfB Stuttgart,Bayer Leverkusen,4-1,2-0
2,2000-08-20,Hansa Rostock,FC Schalke 04,0-4,0-3
2,2000-08-20,1. FC Köln,Eintracht Frankfurt,4-1,2-0
3,2000-09-05,SC Freiburg,1. FC Köln,0-0,0-0
3,2000-09-05,1. FC Kaiserslautern,VfB Stuttgart,1-0,1-0
3,2000-09-05,Bayer Leverkusen,SpVgg Unterhaching,1-0,1-0
3,2000-09-05,FC Schalke 04,Energie Cottbus,3-0,2-0
3,2000-09-06,Hamburger SV,Werder Bremen,2-1,1-0
3,2000-09-06,Bayern München,VfL Wolfsburg,3-1,2-0
3,2000-09-06,Eintracht Frankfurt,Hansa Rostock,4-0,0-0
3,2000-09-06,Borussia Dortmund,TSV 1860 München,2-3,1-1
3,2000-09-06,Hertha BSC,VfL Bochum,4-0,3-0
4,2000-09-08,SpVgg Unterhaching,1. FC Kaiserslautern,0-0,0-0
4,2000-09-09,TSV 1860 München,FC Schalke 04,1-1,0-0
4,2000-09-09,1. FC Köln,Bayer Leverkusen,1-1,0-1
4,2000-09-09,VfB Stuttgart,Bayern München,2-1,1-1
4,2000-09-09,VfL Wolfsburg,Hertha BSC,2-1,1-0
4,2000-09-09,VfL Bochum,Hamburger SV,0-4,0-2
4,2000-09-09,Werder Bremen,Borussia Dortmund,1-2,0-1
4,2000-09-10,Hansa Rostock,SC Freiburg,0-0,0-0
4,2000-09-10,Energie Cottbus,Eintracht Frankfurt,2-0,0-0
5,2000-09-15,1. FC Kaiserslautern,1. FC Köln,3-1,1-1
5,2000-09-16,Bayer Leverkusen,Hansa Rostock,1-2,0-2
5,2000-09-16,SC Freiburg,Energie Cottbus,4-1,0-0
5,2000-09-16,Eintracht Frankfurt,TSV 1860 München,1-0,1-0
5,2000-09-16,VfL Bochum,VfL Wolfsburg,2-1,1-0
5,2000-09-16,Hamburger SV,Borussia Dortmund,2-3,1-1
5,2000-09-16,Bayern München,SpVgg Unterhaching,3-1,1-1
5,2000-09-17,FC Schalke 04,Werder Bremen,1-1,0-0
5,2000-09-17,Hertha BSC,VfB Stuttgart,2-0,0-0
6,2000-09-22,TSV 1860 München,SC Freiburg,3-1,0-1
6,2000-09-23,1. FC Köln,Bayern München,1-2,1-1
6,2000-09-23,VfB Stuttgart,VfL Bochum,1-1,0-1
6,2000-09-23,VfL Wolfsburg,Hamburger SV,4-4,2-1
6,2000-09-23,Borussia Dortmund,FC Schalke 04,0-4,0-2
6,2000-09-23,Werder Bremen,Eintracht Frankfurt,1-1,1-1
6,2000-09-23,Energie Cottbus,Bayer Leverkusen,1-2,1-1
6,2000-09-24,Hansa Rostock,1. FC Kaiserslautern,1-0,0-0
6,2000-09-24,SpVgg Unterhaching,Hertha BSC,5-2,2-1
7,2000-09-29,Eintracht Frankfurt,Borussia Dortmund,1-1,1-0
7,2000-09-30,Bayern München,Hansa Rostock,0-1,0-1
7,2000-09-30,1. FC Kaiserslautern,Energie Cottbus,1-1,1-0
7,2000-09-30,VfL Bochum,SpVgg Unterhaching,3-0,0-0
7,2000-09-30,Hertha BSC,1. FC Köln,4-2,3-2
7,2000-09-30,Hamburger SV,FC Schalke 04,2-0,1-0
7,2000-09-30,Bayer Leverkusen,TSV 1860 München,0-0,0-0
7,2000-10-01,SC Freiburg,Werder Bremen,0-1,0-0
7,2000-10-01,VfL Wolfsburg,VfB Stuttgart,2-2,1-1
8,2000-10-13,Borussia Dortmund,SC Freiburg,1-0,0-0
8,2000-10-14,TSV 1860 München,1. FC Kaiserslautern,0-4,0-1
8,2000-10-14,1. FC Köln,VfL Bochum,2-0,0-0
8,2000-10-14,FC Schalke 04,Eintracht Frankfurt,4-0,1-0
8,2000-10-14,Werder Bremen,Bayer Leverkusen,3-3,0-1
8,2000-10-14,Energie Cottbus,Bayern München,1-0,1-0
8,2000-10-14,VfB Stuttgart,Hamburger SV,3-3,2-2
8,2000-10-15,Hansa Rostock,Hertha BSC,0-2,0-1
8,2000-10-15,SpVgg Unterhaching,VfL Wolfsburg,0-3,0-1
9,2000-10-20,1. FC Kaiserslautern,Werder Bremen,2-0,1-0
9,2000-10-21,Bayern München,TSV 1860 München,3-1,1-0
9,2000-10-21,VfB Stuttgart,SpVgg Unterhaching,2-2,1-2
9,2000-10-21,VfL Wolfsburg,1. FC Köln,6-0,4-0
9,2000-10-21,Hertha BSC,Energie Cottbus,3-1,1-1
9,2000-10-21,Hamburger SV,Eintracht Frankfurt,2-0,1-0
9,2000-10-21,Bayer Leverkusen,Borussia Dortmund,2-0,1-0
9,2000-10-22,SC Freiburg,FC Schalke 04,3-1,1-0
9,2000-10-22,VfL Bochum,Hansa Rostock,1-2,0-0
10,2000-10-27,Energie Cottbus,VfL Bochum,2-0,2-0
10,2000-10-28,Hansa Rostock,VfL Wolfsburg,1-1,0-1
10,2000-10-28,SpVgg Unterhaching,Hamburger SV,2-1,0-1
10,2000-10-28,Eintracht Frankfurt,SC Freiburg,3-0,2-0
10,2000-10-28,Borussia Dortmund,1. FC Kaiserslautern,1-2,0-1
10,2000-10-28,Werder Bremen,Bayern München,1-1,1-1
10,2000-10-28,FC Schalke 04,Bayer Leverkusen,0-0,0-0
10,2000-10-29,TSV 1860 München,Hertha BSC,0-1,0-0
10,2000-10-29,1. FC Köln,VfB Stuttgart,3-2,2-2
11,2000-11-03,Bayer Leverkusen,Eintracht Frankfurt,1-0,0-0
11,2000-11-04,1. FC Kaiserslautern,FC Schalke 04,3-2,0-1
11,2000-11-04,VfB Stuttgart,Hansa Rostock,1-0,1-0
11,2000-11-04,Hertha BSC,Werder Bremen,4-1,2-0
11,2000-11-04,Hamburger SV,SC Freiburg,5-0,4-0
11,2000-11-04,VfL Bochum,TSV 1860 München,1-1,0-0
11,2000-11-04,Bayern München,Borussia Dortmund,6-2,3-1
11,2000-11-05,SpVgg Unterhaching,1. FC Köln,0-0,0-0
11,2000-11-05,VfL Wolfsburg,Energie Cottbus,1-1,0-1
12,2000-11-10,Borussia Dortmund,Hertha BSC,2-0,1-0
12,2000-11-11,TSV 1860 München,VfL Wolfsburg,2-2,2-1
12,2000-11-11,Hansa Rostock,SpVgg Unterhaching,2-2,0-1
12,2000-11-11,1. FC Köln,Hamburger SV,4-2,2-0
12,2000-11-11,FC Schalke 04,Bayern München,3-2,0-1
12,2000-11-11,SC Freiburg,Bayer Leverkusen,0-1,0-0
12,2000-11-11,Werder Bremen,VfL Bochum,2-0,0-0
12,2000-11-12,Eintracht Frankfurt,1. FC Kaiserslautern,3-1,1-0
12,2000-11-12,Energie Cottbus,VfB Stuttgart,2-1,1-1
13,2000-11-17,VfB Stuttgart,TSV 1860 München,2-2,1-0
13,2000-11-18,Bayern München,Eintracht Frankfurt,1-2,1-1
13,2000-11-18,1. FC Kaiserslautern,SC Freiburg,0-2,0-1
13,2000-11-18,1. FC Köln,Hansa Rostock,5-2,3-2
13,2000-11-18,VfL Wolfsburg,Werder Bremen,1-1,0-1
13,2000-11-18,Hertha BSC,FC Schalke 04,0-4,0-2
13,2000-11-18,Hamburger SV,Bayer Leverkusen,1-3,1-2
13,2000-11-19,SpVgg Unterhaching,Energie Cottbus,2-1,2-0
13,2000-11-19,VfL Bochum,Borussia Dortmund,1-1,0-0
14,2000-11-24,FC Schalke 04,VfL Bochum,2-1,1-0
14,2000-11-25,SC Freiburg,Bayern München,1-1,1-1
14,2000-11-25,Borussia Dortmund,VfL Wolfsburg,2-1,2-1
14,2000-11-25,Energie Cottbus,1. FC Köln,0-2,0-1
14,2000-11-25,Eintracht Frankfurt,Hertha BSC,0-4,0-2
14,2000-11-25,Hansa Rostock,Hamburger SV,1-0,0-0
14,2000-11-26,TSV 1860 München,SpVgg Unterhaching,0-2,0-1
14,2000-11-26,Werder Bremen,VfB Stuttgart,1-0,0-0
14,2000-11-26,Bayer Leverkusen,1. FC Kaiserslautern,4-2,2-1
15,2000-12-02,1. FC Köln,TSV 1860 München,4-0,1-0
15,2000-12-02,VfB Stuttgart,Borussia Dortmund,0-2,0-1
15,2000-12-02,VfL Wolfsburg,FC Schalke 04,2-0,0-0
15,2000-12-02,VfL Bochum,Eintracht Frankfurt,2-1,2-0
15,2000-12-02,Hertha BSC,SC Freiburg,2-2,2-1
15,2000-12-02,Bayern München,Bayer Leverkusen,2-0,1-0
15,2000-12-03,1. FC Kaiserslautern,Hamburger SV,2-1,0-0
15,2000-12-03,Energie Cottbus,Hansa Rostock,1-0,0-0
15,2000-12-20,SpVgg Unterhaching,Werder Bremen,0-0,0-0
16,2000-12-08,Eintracht Frankfurt,VfL Wolfsburg,1-2,1-0
16,2000-12-09,TSV 1860 München,Hansa Rostock,2-1,1-0
16,2000-12-09,SC Freiburg,VfL Bochum,5-0,1-0
16,2000-12-09,FC Schalke 04,VfB Stuttgart,2-1,1-0
16,2000-12-09,Borussia Dortmund,SpVgg Unterhaching,3-0,3-0
16,2000-12-09,1. FC Kaiserslautern,Bayern München,0-0,0-0
16,2000-12-10,Bayer Leverkusen,Hertha BSC,4-0,2-0
16,2000-12-10,Werder Bremen,1. FC Köln,2-1,0-0
16,2000-12-10,Hamburger SV,Energie Cottbus,2-1,0-1
17,2000-12-12,SpVgg Unterhaching,FC Schalke 04,0-2,0-1
17,2000-12-12,VfB Stuttgart,Eintracht Frankfurt,4-1,1-1
17,2000-12-12,VfL Wolfsburg,SC Freiburg,1-2,0-1
17,2000-12-13,VfL Bochum,Bayer Leverkusen,3-2,1-0
17,2000-12-13,Bayern München,Hamburger SV,2-1,0-1
17,2000-12-13,Hansa Rostock,Werder Bremen,5-2,2-1
17,2000-12-13,1. FC Köln,Borussia Dortmund,0-0,0-0
17,2000-12-13,Hertha BSC,1. FC Kaiserslautern,2-4,0-2
17,2000-12-13,Energie Cottbus,TSV 1860 München,2-3,2-0
18,2000-12-15,SpVgg Unterhaching,Eintracht Frankfurt,2-0,1-0
18,2000-12-16,VfL Bochum,1. FC Kaiserslautern,0-1,0-1
18,2000-12-16,VfL Wolfsburg,Bayer Leverkusen,2-0,0-0
18,2000-12-16,VfB Stuttgart,SC Freiburg,0-0,0-0
18,2000-12-16,1. FC Köln,FC Schalke 04,2-2,0-2
18,2000-12-16,Hansa Rostock,Borussia Dortmund,1-2,0-1
18,2000-12-16,TSV 1860 München,Hamburger SV,2-1,1-0
18,2000-12-17,Hertha BSC,Bayern München,1-3,1-2
18,2000-12-17,Energie Cottbus,Werder Bremen,3-1,2-1
19,2001-01-26,FC Schalke 04,Hansa Rostock,2-0,1-0
19,2001-01-27,Werder Bremen,TSV 1860 München,2-0,0-0
19,2001-01-27,SC Freiburg,SpVgg Unterhaching,2-0,1-0
19,2001-01-27,1. FC Kaiserslautern,VfL Wolfsburg,0-0,0-0
19,2001-01-27,Bayern München,VfL Bochum,3-2,1-1
19,2001-01-27,Borussia Dortmund,Energie Cottbus,2-0,0-0
19,2001-01-27,Eintracht Frankfurt,1. FC Köln,1-5,0-4
19,2001-01-28,Bayer Leverkusen,VfB Stuttgart,4-0,0-0
19,2001-01-28,Hamburger SV,Hertha BSC,1-2,1-0
20,2001-02-02,TSV 1860 München,Borussia Dortmund,1-0,0-0
20,2001-02-03,VfL Wolfsburg,Bayern München,1-3,1-2
20,2001-02-03,1. FC Köln,SC Freiburg,0-1,0-0
20,2001-02-03,Energie Cottbus,FC Schalke 04,4-1,2-0
20,2001-02-03,VfL Bochum,Hertha BSC,1-3,0-1
20,2001-02-03,Werder Bremen,Hamburger SV,3-1,1-0
20,2001-02-03,VfB Stuttgart,1. FC Kaiserslautern,6-1,3-1
20,2001-02-04,SpVgg Unterhaching,Bayer Leverkusen,1-2,1-1
20,2001-02-04,Hansa Rostock,Eintracht Frankfurt,0-2,0-2
21,2001-02-09,Eintracht Frankfurt,Energie Cottbus,1-0,0-0
21,2001-02-10,FC Schalke 04,TSV 1860 München,2-0,0-0
21,2001-02-10,1. FC Kaiserslautern,SpVgg Unterhaching,4-0,3-0
21,2001-02-10,Bayern München,VfB Stuttgart,1-0,1-0
21,2001-02-10,Hertha BSC,VfL Wolfsburg,1-3,0-1
21,2001-02-10,Hamburger SV,VfL Bochum,3-0,3-0
21,2001-02-10,Bayer Leverkusen,1. FC Köln,4-1,0-1
21,2001-02-11,SC Freiburg,Hansa Rostock,0-0,0-0
21,2001-02-11,Borussia Dortmund,Werder Bremen,0-0,0-0
22,2001-02-16,TSV 1860 München,Eintracht Frankfurt,2-2,0-1
22,2001-02-17,SpVgg Unterhaching,Bayern München,1-0,0-0
22,2001-02-17,Hansa Rostock,Bayer Leverkusen,2-1,1-1
22,2001-02-17,Energie Cottbus,SC Freiburg,0-2,0-0
22,2001-02-17,Werder Bremen,FC Schalke 04,2-1,2-0
22,2001-02-17,VfL Wolfsburg,VfL Bochum,0-0,0-0
22,2001-02-17,Borussia Dortmund,Hamburger SV,4-2,1-0
22,2001-02-18,1. FC Köln,1. FC Kaiserslautern,0-1,0-1
22,2001-02-18,VfB Stuttgart,Hertha BSC,0-1,0-0
23,2001-02-23,Bayer Leverkusen,Energie Cottbus,1-3,0-2
23,2001-02-24,SC Freiburg,TSV 1860 München,0-3,0-2
23,2001-02-24,Bayern München,1. FC Köln,1-1,0-1
23,2001-02-24,Hamburger SV,VfL Wolfsburg,3-2,2-1
23,2001-02-24,FC Schalke 04,Borussia Dortmund,0-0,0-0
23,2001-02-24,Eintracht Frankfurt,Werder Bremen,1-2,0-1
23,2001-02-25,1. FC Kaiserslautern,Hansa Rostock,0-1,0-1
23,2001-02-25,VfL Bochum,VfB Stuttgart,0-0,0-0
23,2001-03-07,Hertha BSC,SpVgg Unterhaching,2-1,0-0
24,2001-03-02,Borussia Dortmund,Eintracht Frankfurt,6-1,1-0
24,2001-03-03,Hansa Rostock,Bayern München,3-2,1-1
24,2001-03-03,Energie Cottbus,1. FC Kaiserslautern,0-2,0-0
24,2001-03-03,Werder Bremen,SC Freiburg,3-1,2-0
24,2001-03-03,VfB Stuttgart,VfL Wolfsburg,2-1,1-0
24,2001-03-03,SpVgg Unterhaching,VfL Bochum,2-1,1-1
24,2001-03-03,1. FC Köln,Hertha BSC,1-0,0-0
24,2001-03-04,TSV 1860 München,Bayer Leverkusen,1-0,0-0
24,2001-03-04,FC Schalke 04,Hamburger SV,0-1,0-0
25,2001-03-09,Bayer Leverkusen,Werder Bremen,3-0,1-0
25,2001-03-10,Hertha BSC,Hansa Rostock,1-0,0-0
25,2001-03-10,VfL Bochum,1. FC Köln,2-3,2-1
25,2001-03-10,VfL Wolfsburg,SpVgg Unterhaching,6-1,2-1
25,2001-03-10,SC Freiburg,Borussia Dortmund,2-2,1-2
25,2001-03-10,Bayern München,Energie Cottbus,2-0,2-0
25,2001-03-10,Eintracht Frankfurt,FC Schalke 04,0-0,0-0
25,2001-03-11,1. FC Kaiserslautern,TSV 1860 München,3-2,0-0
25,2001-03-11,Hamburger SV,VfB Stuttgart,2-2,2-1
26,2001-03-16,1. FC Köln,VfL Wolfsburg,0-0,0-0
26,2001-03-17,Borussia Dortmund,Bayer Leverkusen,1-3,1-2
26,2001-03-17,FC Schalke 04,SC Freiburg,0-0,0-0
26,2001-03-17,Hansa Rostock,VfL Bochum,2-0,0-0
26,2001-03-17,Energie Cottbus,Hertha BSC,3-0,2-0
26,2001-03-17,Eintracht Frankfurt,Hamburger SV,1-1,0-0
26,2001-03-17,TSV 1860 München,Bayern München,0-2,0-0
26,2001-03-18,Werder Bremen,1. FC Kaiserslautern,1-2,0-2
26,2001-03-18,SpVgg Unterhaching,VfB Stuttgart,0-0,0-0
27,2001-03-30,VfL Wolfsburg,Hansa Rostock,2-1,1-0
27,2001-03-31,Hertha BSC,TSV 1860 München,3-0,1-0
27,2001-03-31,VfB Stuttgart,1. FC Köln,0-3,0-2
27,2001-03-31,Hamburger SV,SpVgg Unterhaching,1-1,0-0
27,2001-03-31,SC Freiburg,Eintracht Frankfurt,5-2,2-0
27,2001-03-31,Bayern München,Werder Bremen,2-3,0-1
27,2001-03-31,Bayer Leverkusen,FC Schalke 04,0-3,0-1
27,2001-04-01,1. FC Kaiserslautern,Borussia Dortmund,1-4,0-1
27,2001-04-01,VfL Bochum,Energie Cottbus,1-0,0-0
28,2001-04-06,Energie Cottbus,VfL Wolfsburg,0-0,0-0
28,2001-04-07,Eintracht Frankfurt,Bayer Leverkusen,1-3,0-1
28,2001-04-07,1. FC Köln,SpVgg Unterhaching,1-1,1-0
28,2001-04-07,Werder Bremen,Hertha BSC,3-1,1-0
28,2001-04-07,SC Freiburg,Hamburger SV,0-0,0-0
28,2001-04-07,TSV 1860 München,VfL Bochum,2-4,0-1
28,2001-04-07,Borussia Dortmund,Bayern München,1-1,0-1
28,2001-04-08,FC Schalke 04,1. FC Kaiserslautern,5-1,2-0
28,2001-04-08,Hansa Rostock,VfB Stuttgart,1-1,0-0
29,2001-04-12,VfB Stuttgart,Energie Cottbus,1-0,0-0
29,2001-04-14,VfL Wolfsburg,TSV 1860 München,0-1,0-1
29,2001-04-14,1. FC Kaiserslautern,Eintracht Frankfurt,4-2,1-2
29,2001-04-14,Bayern München,FC Schalke 04,1-3,1-1
29,2001-04-14,VfL Bochum,Werder Bremen,1-2,0-1
29,2001-04-14,Bayer Leverkusen,SC Freiburg,1-3,0-1
29,2001-04-14,Hertha BSC,Borussia Dortmund,1-0,0-0
29,2001-04-15,SpVgg Unterhaching,Hansa Rostock,1-1,0-0
29,2001-04-15,Hamburger SV,1. FC Köln,1-1,0-1
30,2001-04-20,Borussia Dortmund,VfL Bochum,5-0,2-0
30,2001-04-21,Eintracht Frankfurt,Bayern München,0-2,0-1
30,2001-04-21,Hansa Rostock,1. FC Köln,2-1,1-0
30,2001-04-21,Energie Cottbus,SpVgg Unterhaching,1-0,0-0
30,2001-04-21,Werder Bremen,VfL Wolfsburg,2-3,1-2
30,2001-04-21,Bayer Leverkusen,Hamburger SV,1-1,1-1
30,2001-04-21,FC Schalke 04,Hertha BSC,3-1,0-1
30,2001-04-22,SC Freiburg,1. FC Kaiserslautern,5-2,5-0
30,2001-04-22,TSV 1860 München,VfB Stuttgart,2-1,1-1
31,2001-04-27,VfL Wolfsburg,Borussia Dortmund,1-1,1-1
31,2001-04-28,1. FC Kaiserslautern,Bayer Leverkusen,0-1,0-1
31,2001-04-28,Bayern München,SC Freiburg,1-0,0-0
31,2001-04-28,VfB Stuttgart,Werder Bremen,2-1,1-0
31,2001-04-28,1. FC Köln,Energie Cottbus,4-0,2-0
31,2001-04-28,Hertha BSC,Eintracht Frankfurt,3-0,3-0
31,2001-04-28,VfL Bochum,FC Schalke 04,1-1,1-0
31,2001-04-29,SpVgg Unterhaching,TSV 1860 München,3-2,2-1
31,2001-04-29,Hamburger SV,Hansa Rostock,2-1,0-1
32,2001-05-04,Borussia Dortmund,VfB Stuttgart,0-0,0-0
32,2001-05-05,Bayer Leverkusen,Bayern München,0-1,0-0
32,2001-05-05,TSV 1860 München,1. FC Köln,3-1,1-1
32,2001-05-05,FC Schalke 04,VfL Wolfsburg,2-1,2-0
32,2001-05-05,Eintracht Frankfurt,VfL Bochum,3-0,0-0
32,2001-05-05,Hansa Rostock,Energie Cottbus,1-0,1-0
32,2001-05-05,Hamburger SV,1. FC Kaiserslautern,1-1,1-0
32,2001-05-06,Werder Bremen,SpVgg Unterhaching,0-0,0-0
32,2001-05-06,SC Freiburg,Hertha BSC,1-0,0-0
33,2001-05-12,Hansa Rostock,TSV 1860 München,0-0,0-0
33,2001-05-12,Bayern München,1. FC Kaiserslautern,2-1,0-1
33,2001-05-12,Hertha BSC,Bayer Leverkusen,1-1,1-0
33,2001-05-12,VfL Bochum,SC Freiburg,1-3,0-1
33,2001-05-12,VfL Wolfsburg,Eintracht Frankfurt,3-0,3-0
33,2001-05-12,VfB Stuttgart,FC Schalke 04,1-0,0-0
33,2001-05-12,SpVgg Unterhaching,Borussia Dortmund,1-4,0-1
33,2001-05-12,1. FC Köln,Werder Bremen,1-3,1-1
33,2001-05-12,Energie Cottbus,Hamburger SV,4-2,2-1
34,2001-05-19,Hamburger SV,Bayern München,1-1,0-0
34,2001-05-19,Werder Bremen,Hansa Rostock,3-0,2-0
34,2001-05-19,Borussia Dortmund,1. FC Köln,3-3,1-2
34,2001-05-19,FC Schalke 04,SpVgg Unterhaching,5-3,2-2
34,2001-05-19,Eintracht Frankfurt,VfB Stuttgart,2-1,2-0
34,2001-05-19,SC Freiburg,VfL Wolfsburg,4-1,2-0
34,2001-05-19,Bayer Leverkusen,VfL Bochum,1-0,1-0
34,2001-05-19,1. FC Kaiserslautern,Hertha BSC,0-1,0-0
34,2001-05-19,TSV 1860 München,Energie Cottbus,0-1,0-1
